Ürün Adı,Ürün Kodu,Fiyat (USD),CAS Numarası,Marka
"İNKÜBATÖR - CO2 HAVA YASTIKLI 50 Litre","BJPX-C50","6540","",Biobase
"İNKÜBATÖR - CO2 HAVA YASTIKLI 80 Litre","BJPX-C80","7650","",Biobase
"İNKÜBATÖR - CO2 HAVA YASTIKLI 160 Litre","BJPX-C160","8410","",Biobase
"İNKÜBATÖR - TROMBOSİT 10450 ml Kan Torbası","BJPX-P10-II","4360","",Biobase
"İNKÜBATÖR - TROMBOSİT 15450 ml Kan Torbası","BJPX-P20-11","4510","",Biobase
"İNKÜBATÖR - TERMOSTATİK ÇALKALAMALI 260260 mm","BJPX-103B","3480","",Biobase
"İNKÜBATÖR - TERMOSTATİK ÇALKALAMALI 470370 mm","BJPX-100B","4660","",Biobase
"İNKÜBATÖR - TERMOSTATİK ÇALKALAMALI 420400 mm","BJPX-200B","6020","",Biobase
"İNKÜBATÖR - DİKEY TİP ÇALKALAMALI Soğutucusuz Tek Kapı 2 Katlı","BJPX-1102C","8070","",Biobase
"İNKÜBATÖR - DİKEY TİP ÇALKALAMALI Soğutuculu Tek Kapı 2 Katlı","BJPX-2102C","9030","",Biobase
"İNKÜBATÖR - DİKEY TİP ÇALKALAMALI Soğutucusuz Büyük Kapasiteli","BJPX-2102","12270","",Biobase
"İNKÜBATÖR - DİKEY TİP ÇALKALAMALI Soğutuculu Büyük Kapasiteli","BJPX-2102R","14800","",Biobase
"KLİMATİK İNKÜBATÖR 403 Litre","BJPX-A40011","8030","",Biobase
"OTOKLAV - DİKEY TİP 30 Litre","BKQ-Z301","4560","",Biobase
"OTOKLAV - DİKEY TİP 50 Litre","BKQ-Z501","5040","",Biobase
"OTOKLAV - DİKEY TİP 75 Litre","BKQ-Z751","5770","",Biobase
"OTOKLAV - DİKEY TİP 100 Litre","BKQ-Z1001","7210","",Biobase
"OTOKLAV - TEK & ÇİFT KAPILI PULSE VAKUMLU 146 Litre","BKQ-140D-A","59880","",Biobase
"OTOKLAV - TEK & ÇİFT KAPILI PULSE VAKUMLU 241 Litre","BKQ-240D-A","64870","",Biobase
"OTOKLAV - TEK & ÇİFT KAPILI PULSE VAKUMLU 352 Litre","BKQ-350D-A","68200","",Biobase
"OTOKLAV - TEK & ÇİFT KAPILI PULSE VAKUMLU 655 Litre","BKQ-650D-B","70140","",Biobase
"OTOKLAV - TEK & ÇİFT KAPILI PULSE VAKUMLU 810 Litre","BKQ-810D-B","76970","",Biobase
"OTOKLAV - TEK & ÇİFT KAPILI PULSE VAKUMLU 999 Litre","BKQ-990D-B","76230","",Biobase
"OTOKLAV - TEK & ÇİFT KAPILI PULSE VAKUMLU 1203 Litre","BKQ-1200D-B","99800","",Biobase
"OTOKLAV - TEK & ÇİFT KAPILI PULSE VAKUMLU 1500 Litre","BKQ-1500D-B","109780","",Biobase
"OTOKLAV - YATAY TİP & ÖN VAKUMLU 100 Litre","BKQ-B100H","17780","",Biobase
"OTOKLAV - YATAY TİP & ÖN VAKUMLU 135 Litre","BKQ-B150H","19550","",Biobase
"OTOKLAV - YATAY TİP & ÖN VAKUMLU 185 Litre","BKQ-B200H","20750","",Biobase
"OTOKLAV - YATAY TİP & ÖN VAKUMLU 300 Litre","BKQ-B300H","25450","",Biobase
"OTOKLAV - YATAY TİP & ÖN VAKUMLU 100 Litre + Ön Vakumlu","BKQ-Z100H","20050","",Biobase
"OTOKLAV - YATAY TİP & ÖN VAKUMLU 135 Litre + Ön Vakumlu","BKQ-Z150H","22660","",Biobase
"OTOKLAV - YATAY TİP & ÖN VAKUMLU 185 Litre + Ön Vakumlu","BKQ-Z200H","24400","",Biobase
"OTOKLAV - YATAY TİP & ÖN VAKUMLU 300 Litre + Ön Vakumlu","BKQ-Z300H","28250","",Biobase
"OTOKLAV - PORTATİF 18 Litre + Zaman Kontrollü","BKM-P18D","1200","",Biobase
"OTOKLAV - PORTATİF 24 Litre + Zaman Kontrollü","BKM-P24D","1950","",Biobase
"OTOKLAV - PORTATİF 18 Litre + Anti Dry","BKM-P18A","950","",Biobase
"OTOKLAV - PORTATİF 24 Litre + Anti Dry","BKM-P24A","1660","",Biobase
"BONCUK STERİLİZATÖR - 150g-4080 mm","GBS-5000A","880","",Biobase
"BONCUK STERİLİZATÖR - 300g-40140 mm","GBS-5000B","1150","",Biobase
"KASET STERİLİZATÖR - 1.8 Litre","BKS-2000","6620","",Biobase
"KASET STERİLİZATÖR - 5.2 Litre","BKS-5000","13900","",Biobase
"KASET STERİLİZATÖR - 6 Litre","BKS-6000","16180","",Biobase
"DEĞİRMEN - DİKEY TİP GEZEGENSEL 0.4 Litre","BKBM-V0.4","4550","",Biobase
"DEĞİRMEN - DİKEY TİP GEZEGENSEL 2 Litre","BKBM-V2","5400","",Biobase
"ISITICILI MANYETİK KARIŞTIRICI - Ø135 mm 20 Litre","MS-H-S","820","",Biobase
"DİJİTAL BALON ISITICI - 100 ml","HMD-1-100","210","",Biobase
"DİJİTAL BALON ISITICI - 250 ml","HMD-1-250","220","",Biobase
"DİJİTAL BALON ISITICI - 500 ml","HMD-1-500","230","",Biobase
"DİJİTAL BALON ISITICI - 1000 ml","HMD-1-1000","250","",Biobase
"DİJİTAL BALON ISITICI - 2000 ml","HMD-1-2000","280","",Biobase
"DİJİTAL BALON ISITICI - 3000 ml","HMD-1-3000","350","",Biobase
"DİJİTAL BALON ISITICI - 5000 ml","HMD-1-5000","450","",Biobase
"DİJİTAL BALON ISITICI - 10000 ml","HMD-I-10000","750","",Biobase
"DİJİTAL BALON ISITICI - 20000 ml","HMD-1-20000","1250","",Biobase
"DİJİTAL BALON ISITICILI KARIŞTIRICI - 100 ml","HMD-II-100","500","",Biobase
"DİJİTAL BALON ISITICILI KARIŞTIRICI - 250 ml","HMD-II-250","550","",Biobase
"DİJİTAL BALON ISITICILI KARIŞTIRICI - 500 ml","HMD-II-500","600","",Biobase
"DİJİTAL BALON ISITICILI KARIŞTIRICI - 1000 ml","HMD-II-1000","650","",Biobase
"DİJİTAL BALON ISITICILI KARIŞTIRICI - 2000 ml","HMD-II-2000","700","",Biobase
"DİJİTAL ÇOKLU BALON ISITICI - 100 ml * 2","HMD-III-2-100","730","",Biobase
"DİJİTAL ÇOKLU BALON ISITICI - 250 ml * 2","HMD-III-2-250","770","",Biobase
"DİJİTAL ÇOKLU BALON ISITICI - 500 ml * 2","HMD-III-2-500","800","",Biobase
"DİJİTAL ÇOKLU BALON ISITICI - 1000 ml * 2","HMD-III-2-1000","850","",Biobase
"DİJİTAL ÇOKLU BALON ISITICI - 100 ml * 4","HMD-III-4-100","1350","",Biobase
"DİJİTAL ÇOKLU BALON ISITICI - 250 ml * 4","HMD-III-4-250","1450","",Biobase
"DİJİTAL ÇOKLU BALON ISITICI - 500 ml * 4","HMD-III-4-500","1600","",Biobase
"DİJİTAL ÇOKLU BALON ISITICI - 1000 ml * 4","HMD-III-4-1000","1850","",Biobase
"DİJİTAL ÇOKLU BALON ISITICI - 100 ml * 6","HMD-III-6-100","1850","",Biobase
"DİJİTAL ÇOKLU BALON ISITICI - 250 ml * 6","HMD-III-6-250","1950","",Biobase
"DİJİTAL ÇOKLU BALON ISITICI - 500 ml * 6","HMD-III-6-500","2250","",Biobase
"DİJİTAL ÇOKLU BALON ISITICI - 1000 ml * 6","HMD-III-6-1000","2750","",Biobase
"MEKANİK KARIŞTIRICI - 20 Litre 0-2200 rpm","OS20-S","1360","",Biobase
"VORTEX KARIŞTIRICI - 0~2500 RPM Analog","MX-F","330","",Biobase
"MİKROPLAKA KARIŞTIRICI - 0.5 Kg Maks Ağırlık","MX-M","830","",Biobase
"SİLİNDİR KARIŞTIRICI - Analog 0-70 RPM","MX-T6-S","920","",Biobase
"SİLİNDİR KARIŞTIRICI - Dijital 10~70 RPM","MX-T6-PRO","1610","",Biobase
"DÖNER KARIŞTIRICI - Analog 0~80 RPM","MX-RD-E","1150","",Biobase
"DÖNER KARIŞTIRICI - Dijital 10-70 RPM","MX-RD-PRO","1790","",Biobase
"DÖNER KARIŞTIRICI - Dijital 10~70 RPM","MX-RL-PRO","1980","",Biobase
"POMPA - ROTARY SLICE VAKUM 25 L/S","XP-25","7990","",Biobase
"POMPA - ROTARY SLICE VAKUM 0.5 L/S","XP-0.5","4660","",Biobase
"PERİSTALTİK POMPA - 0.00034-570 ml/dk","BPP-LabM1","2030","",Biobase
"PERİSTALTİK POMPA - 0.035-1330 ml/dk","BPP-LabM3","1770","",Biobase
"PERİSTALTİK POMPA - 0.035-2280 ml/dk","BPP-LabM6","2700","",Biobase
"PERİSTALTİK POMPA - 0.000067-570 ml/dk","BPP-LabN1","1850","",Biobase
"PERİSTALTİK POMPA - 0.007-1330 ml/dk","BPP-LabN3","1850","",Biobase
"PERİSTALTİK POMPA - 0.007-2280 ml/dk","BPP-LabN6","2770","",Biobase
"PERİSTALTİK POMPA - 0.211-3600 ml/dk","SPP-N6-3L","1880","",Biobase
"PERİSTALTİK POMPA - 0.3-6000 ml/dk","SPP-N6-6L","2120","",Biobase
"PERİSTALTİK POMPA - 0.69-12000 ml/dk","SPP-N6-12L","3490","",Biobase
"PERİSTALTİK POMPA - 0.00067-900 ml/dk","BPP-BT100M","1840","",Biobase
"PERİSTALTİK POMPA - 0.00067-2100 ml/dk","BPP-BT300M","1590","",Biobase
"PERİSTALTİK POMPA - 0.00067-3600 ml/dk","BPP-BT600M","2480","",Biobase
"PERİSTALTİK POMPA - 0.00034-570 ml/dk","BPP-BT100N","1990","",Biobase
"PERİSTALTİK POMPA - 0.00034-1330 ml/dk","BPP-BT300N","1590","",Biobase
"PERİSTALTİK POMPA - 0.00034-2280 ml/dk","BPP-BT60ON","2540","",Biobase
"PERİSTALTİK POMPA - 2.11-3600 ml/dk","DPP-F6-3L","2500","",Biobase
"PERİSTALTİK POMPA - 3.0-6000 ml/dk","DPP-F6-6L","3000","",Biobase
"PERİSTALTİK POMPA - 12.3-12000 ml/dk","DPP-F6-12L","4160","",Biobase
"PERİSTALTİK POMPA - 0.000067-3600 ml/dk","DPP-F6","2500","",Biobase
"PERİSTALTİK POMPA - 0.000067-2100 ml/dk","DPP-F3","2400","",Biobase
"PERİSTALTİK POMPA - 0.000067-570 ml/dk","DPP-F1","1980","",Biobase
"PERİSTALTİK POMPA - 0.00067-3600 ml/dk","DPPLab-F6","2680","",Biobase
"PERİSTALTİK POMPA - 0.000067-2100 ml/dk","DPPLab-F3","2220","",Biobase
"PERİSTALTİK POMPA - 0.000067-570 ml/dk","DPPLab-F1","1890","",Biobase
"PERİSTALTİK POMPA - 0.211-3600 ml/dk","FPP-V6-3L","2430","",Biobase
"PERİSTALTİK POMPA - 0.3-6000 ml/dk","FPP-V6-6L","2970","",Biobase
"PERİSTALTİK POMPA - 1.23-12000 ml/dk","FPP-V6-12L","4190","",Biobase
"PERİSTALTİK POMPA - 0.000067-3600 ml/dk","FPP-LabV6","2660","",Biobase
"PERİSTALTİK POMPA - 0.000067-2100 ml/dk","FPP-LabV3","2390","",Biobase
"PERİSTALTİK POMPA - 0.000067-570 ml/dk","FPP-LabV1","2090","",Biobase
"PERİSTALTİK POMPA - 0.000067-3600 ml/dk","FPP-V6","2420","",Biobase
"PERİSTALTİK POMPA - 0.000067-2100 ml/dk","FPP-V3","2120","",Biobase
"PERİSTALTİK POMPA - 0.000067-570 ml/dk","FPP-V1","2120","",Biobase
"PERİSTALTİK POMPA - Tek Kanallı","CPP-EM1","770","",Biobase
"PERİSTALTİK POMPA - Çift Kanallı","CPP-EM2","770","",Biobase
"PERİSTALTİK POMPA - Tek Kanallı","CPP-SP1","580","",Biobase
"PERİSTALTİK POMPA - Çift Kanallı","CPP-SP2","580","",Biobase
"AZOT PROTEİN TAYİN CİHAZI - Yarı otomatik + yaş yakma ünitesi (8'li)","BKN-983","8830","",Biobase
"AZOT PROTEİN TAYİN CİHAZI - Yarı otomatik + yaş yakma ünitesi (20'li)","BKN-987","40300","",Biobase
"SPEKTROFOTOMETRE - UV Tek Işınlı","BK-UV1800PC","7750","",Biobase
"SPEKTROFOTOMETRE - UV/VIS Tek Işınlı","BK-S39","11410","",Biobase
"SPEKTROFOTOMETRE - UV/VIS Çift Işınlı","BK-D590","17020","",Biobase
"SPEKTROFOTOMETRE - VIS Tek Işınlı","BK-V1200","1920","",Biobase
"SPEKTROFOTOMETRE - VIS Tek Işınlı","BK-V1600PC","3060","",Biobase
"SPEKTROFOTOMETRE - UV/VIS Tek Işınlı","BK-UV1600PC","5780","",Biobase
"ELISA MİKRO PLAKA OKUYUCU - Tam Otomatik","BIOBASE-EL10A","5830","",Biobase
"ELISA MİKRO PLAKA YIKAYICI - 48/96 Oyuklu Otomatik","BIOBASE-MW9621","4680","",Biobase
"ALEV FOTOMETRESİ","BK-FP640","3690","",Biobase
"ALEV FOTOMETRESİ","BK-FP6410","4910","",Biobase
"ALEV FOTOMETRESİ","BK-FP6430","6410","",Biobase
"ALEV FOTOMETRESİ","BK-FP6431","7750","",Biobase
"ALEV FOTOMETRESİ","BK-FP6450","9120","",Biobase
"ATOMİK ABSORPSİYON - 190-900nm","BK-AA320N","26040","",Biobase
"ATOMİK ABSORPSİYON - 190-900nm","BK-AA4530F","49770","",Biobase
"FREEZE DRYER - MASAÜSTÜ 1.2 Litre Standart Odalı","BK-FD10S","7430","",Biobase
"FREEZE DRYER - MASAÜSTÜ 1.2 Litre 8 Port Stoperli Odalı","BK-FD10P","8590","",Biobase
"FREEZE DRYER - MASAÜSTÜ 0.9 Litre Standart Odalı","BK-FD10T","8090","",Biobase
"FREEZE DRYER - MASAÜSTÜ 0.9 Litre 8 Port Stoperli Odalı","BK-FD10PT","9970","",Biobase
"FREEZE DRYER - DİKEY TİP 1.8 Litre Standart Odalı","BK-FD12S","8440-12770","",Biobase
"FREEZE DRYER - DİKEY TİP 1.8 Litre 8 Port Stoperli Odalı","BK-FD12P","10590-15160","",Biobase
"FREEZE DRYER - DİKEY TİP 0.9 Litre Standart Odalı","BK-FD12T","8890-13360","",Biobase
"FREEZE DRYER - DİKEY TİP 0.9 Litre 8 Port Stoperli Odalı","BK-FD12PT","12090-16610","",Biobase
"FREEZE DRYER - DİKEY TİP 1.8 Litre Standart Odalı","BK-FD18S","12850-18030","",Biobase
"FREEZE DRYER - DİKEY TİP 1.8 Litre 8 Port Stoperli Odalı","BK-FD18P","15850-21030","",Biobase
"FREEZE DRYER - DİKEY TİP 0.9 Litre Standart Odalı","BK-FD18T","14100-19280","",Biobase
"FREEZE DRYER - DİKEY TİP 0.9 Litre 8 Port Stoperli Odalı","BK-FD18PT","17250-23790","",Biobase
"FREEZE DRYER - PİLOT TİP 4.5 Litre Standart Odalı","BK-FD20S","36060","",Biobase
"FREEZE DRYER - PİLOT TİP 4.5 Litre Hidrolik Stoperli Odalı","BK-FD20T","44080","",Biobase
"FREEZE DRYER - PİLOT TİP 7 Litre Standart Odalı","BK-FD30S","46480","",Biobase
"FREEZE DRYER - PİLOT TİP 7 Litre Hidrolik Stoperli Odalı","BK-FD30T","52090","",Biobase
"FREEZE DRYER - PİLOT TİP 8 Litre Standart Odalı","BK-FD50S","52090","",Biobase
"FREEZE DRYER - PİLOT TİP 8 Litre Hidrolik Stoperli Odalı","BK-FD50T","64110","",Biobase
"FREEZE DRYER - PİLOT TİP 16 Litre Standart Odalı","BK-FD100S","54780","",Biobase
"FREEZE DRYER - PİLOT TİP 16 Litre Hidrolik Stoperli Odalı","BK-FD100T","64280","",Biobase
"DONDURUCU - TUNA -60°C 58 Litre","BDF-60H58","3890","",Biobase
"DONDURUCU - TUNA -60°C 118 Litre","BDF-60H118A","4320","",Biobase
"DONDURUCU - TUNA -60°C 218 Litre","BDF-60H218","4550","",Biobase
"DONDURUCU - TUNA -60°C 318 Litre","BDF-60H318","4980","",Biobase
"DONDURUCU - TUNA -60°C 458 Litre","BDF-60H458","7980","",Biobase
"DONDURUCU - -25°C DİKEY TİP 268 Litre","BDF-25V268","4970","",Biobase
"DONDURUCU - -25°C DİKEY TİP 270 Litre","BDF-25V270","4160","",Biobase
"DONDURUCU - -25°C DİKEY TİP 328 Litre","BDF-25V328","5990","",Biobase
"DONDURUCU - -25°C DİKEY TİP 259 Litre","BDF-25V259","4890","",Biobase
"DONDURUCU - -25°C DİKEY TİP 450 Litre","BDF-25V450","6440","",Biobase
"DONDURUCU - -25°C YATAY TİP 150 Litre","BDF-25H150","1980","",Biobase
"DONDURUCU - -25°C YATAY TİP 200 Litre","BDF-25H200","2150","",Biobase
"DONDURUCU - -25°C YATAY TİP 300 Litre","BDF-25H300","2450","",Biobase
"DONDURUCU - -25°C YATAY TİP 389 Litre","BDF-25H389","2880","",Biobase
"DONDURUCU - -25°C YATAY TİP 525 Litre","BDF-25H525","3460","",Biobase
"DONDURUCU - -40°C DİKEY TİP 90 Litre","BDF-40V90","4140","",Biobase
"DONDURUCU - -40°C DİKEY TİP 270 Litre","BDF-40V270","6150","",Biobase
"DONDURUCU - -40°C DİKEY TİP 268 Litre","BDF-40V268","6080","",Biobase
"DONDURUCU - -40°C DİKEY TİP 328 Litre","BDF-40V328","6680","",Biobase
"DONDURUCU - -40°C YATAY TİP 100 Litre","BDF-40H100","2670","",Biobase
"DONDURUCU - -40°C YATAY TİP 200 Litre","BDF-40H200","3540","",Biobase
"DONDURUCU - -40°C YATAY TİP 300 Litre","BDF-40H300","3750","",Biobase
"DONDURUCU - -40°C YATAY TİP 390 Litre","BDF-40H390","5810","",Biobase
"DONDURUCU - -40°C YATAY TİP 485 Litre","BDF-40H485","6120","",Biobase
"DONDURUCU - -40°C DİKEY TİP 253 Litre","BDF-40V253","8990","",Biobase
"DONDURUCU - -40°C DİKEY TİP 288 Litre","BDF-40V288A","9450","",Biobase
"DONDURUCU - -40°C DİKEY TİP 525 Litre","BDF-40V525","10800","",Biobase
"DONDURUCU - -40°C DİKEY TİP 450 Litre","BDF-40V450","7380","",Biobase
"BUZ YAPICI - PUL ŞEKLİNDE 20 kg","FIM20","2710","",Biobase
"BUZ YAPICI - PUL ŞEKLİNDE 30 kg","FIM30","2770","",Biobase
"BUZ YAPICI - PUL ŞEKLİNDE 40 kg","FIM40","3750","",Biobase
"BUZ YAPICI - PUL ŞEKLİNDE 50 kg","FIM50","3870","",Biobase
"BUZ YAPICI - PUL ŞEKLİNDE 60 kg","FIM60","4150","",Biobase
"BUZ YAPICI - PUL ŞEKLİNDE 70 kg","FIM70","4310","",Biobase
"BUZ YAPICI - PUL ŞEKLİNDE 85 kg","FIM85","4700","",Biobase
"BUZ YAPICI - PUL ŞEKLİNDE 100 kg","FIM100","4810","",Biobase
"BUZ YAPICI - PUL ŞEKLİNDE 130 kg","FIM130","4980","",Biobase
"BUZ YAPICI - PUL ŞEKLİNDE 150 kg","FIM150","5250","",Biobase
"BUZ YAPICI - PUL ŞEKLİNDE 200 kg","FIM200","7420","",Biobase
"BUZ YAPICI - PUL ŞEKLİNDE 250 kg","FIM250","7690","",Biobase
"BUZ YAPICI - PUL ŞEKLİNDE 300 kg","FIM300","7950","",Biobase
"BUZ YAPICI - KARE ŞEKLİNDE 40 kg","LIM40-S","2240","",Biobase
"BUZ YAPICI - KARE ŞEKLİNDE 80 kg","LIM80-S","4900","",Biobase
"BUZ YAPICI - KARE ŞEKLİNDE 210 kg","LIM210-S","6950","",Biobase
"KAN SAKLAMA DOLABI - 120 Litre","BXC-V120B","4120","",Biobase
"KAN SAKLAMA DOLABI - 160 Litre","BXC-V160B","5760","",Biobase
"KAN SAKLAMA DOLABI - 210 Litre","BXC-V210B","6490","",Biobase
"KAN SAKLAMA DOLABI - 300 Litre","BXC-V300B","6290","",Biobase
"KAN SAKLAMA DOLABI - 400 Litre","BXC-V400B","7820","",Biobase
"KAN SAKLAMA DOLABI - 650 Litre (2 Kapılı)","BXC-V650B","8780","",Biobase
"KAN SAKLAMA DOLABI - 1000 Litre (2 Kapılı)","BXC-V1000B","10890","",Biobase
"KAN SAKLAMA DOLABI - 250 Litre (EKONOMİK)","BXC-V250B","4610","",Biobase
"KAN SAKLAMA DOLABI - 310 Litre","BXC-V310B","5050","",Biobase
"MEDİKAL BUZDOLABI - 260 Litre Tek Kapılı","BXC-V260M","2400","",Biobase
"MEDİKAL BUZDOLABI - 360 Litre Tek Kapılı","BXC-V360M","2660","",Biobase
"MEDİKAL BUZDOLABI - 650 Litre Çift Kapılı","BXC-V650M","5680","",Biobase
"MEDİKAL BUZDOLABI - 1000 Litre Çift Kapılı","BXC-V1000M","6990","",Biobase
"MEDİKAL BUZDOLABI - 1500 Litre Çift Kapılı","BXC-V1500M","11280","",Biobase
"MEDİKAL BUZDOLABI - 50 Litre Köpük Kapak","BXC-V50M-F","1250","",Biobase
"MEDİKAL BUZDOLABI - 70 Litre Köpük Kapak","BXC-V70M-F","1350","",Biobase
"MEDİKAL BUZDOLABI - 95 Litre Köpük Kapak","BXC-V95M-F","1490","",Biobase
"MEDİKAL BUZDOLABI - 130 Litre Köpük Kapak","BXC-V130M-F","1580","",Biobase
"MEDİKAL BUZDOLABI - 105 Litre Köpük Kapak","BXC-V105M-F","1690","",Biobase
"MEDİKAL BUZDOLABI - 50 Litre Cam Kapak","BXC-V50M-G","1730","",Biobase
"MEDİKAL BUZDOLABI - 70 Litre Cam Kapak","BXC-V70M-G","1800","",Biobase
"MEDİKAL BUZDOLABI - 95 Litre Cam Kapak","BXC-V95M-G","1900","",Biobase
"MEDİKAL BUZDOLABI - 130 Litre Cam Kapak","BXC-V130M-G","2300","",Biobase
"MEDİKAL BUZDOLABI - 105 Litre Cam Kapak","BXC-V105M-G","2200","",Biobase
"ROTARY EVAPORATÖR - 1 Litre","RE-201D","2390","",Biobase
"ROTARY EVAPORATÖR - 3 Litre","RE-301","3280","",Biobase
"ROTARY EVAPORATÖR - 5 Litre","RE-501","5760","",Biobase
"ROTARY EVAPORATÖR - 10 Litre","RE-1002","7180","",Biobase
"ROTARY EVAPORATÖR - 20 Litre","RE-2002","7590","",Biobase
"SİRKÜLATÖR (RE-201D için)","CCA-420","1850","",Biobase
"SİRKÜLATÖR (RE-301 & RE-501 için)","DLSB-5/20","1850","",Biobase
"VAKUM POMPASI","SHZ-DIII","750","",Biobase
"HOMOJENİZATÖR - 8000-30000rpm","BK-HG160","2300","",Biobase
"HOMOJENİZATÖR - 10000-30000rpm","BK-HG500","3980","",Biobase
"STOMACHER CİHAZI - Standart","BK-SHG04","2260","",Biobase
"STOMACHER CİHAZI - UV Lambalı","BK-SHG05","2810","",Biobase
"ULTRASONİK HOMOJENİZATÖR - 0.2-150 ml","UCD-150","2490","",Biobase
"ULTRASONİK HOMOJENİZATÖR - 0.2-250 ml","UCD-250","2810","",Biobase
"ULTRASONİK HOMOJENİZATÖR - 0.2-400 ml","UCD-500","3040","",Biobase
"ULTRASONİK HOMOJENİZATÖR - 0.2-500 ml","UCD-650","3190","",Biobase
"ULTRASONİK HOMOJENİZATÖR - 0.2-700 ml","UCD-950","3570","",Biobase
"ULTRASONİK HOMOJENİZATÖR - 10-1000 ml","UCD-1200","4020","",Biobase
"ULTRASONİK HOMOJENİZATÖR - 50-1500 ml","UCD-1500","4630","",Biobase
"ULTRASONİK HOMOJENİZATÖR - 50-1800 ml","UCD-1800","4980","",Biobase
"ULTRASONİK HOMOJENİZATÖR - 50-2000 ml","UCD-2000","5320","",Biobase
"JEL KART SANTRİFÜJ - 12 Kart","BKC-GC12","2480","",Biobase
"JEL KART SANTRİFÜJ - 24 Kart","BKC-GC24","4330","",Biobase
"KAN TORBASI SANTRİFÜJ - 6000 RPM","BKC-BB6","16520","",Biobase
"KAN TORBASI SANTRİFÜJ - 6000 RPM","BKC-BB6A","22570","",Biobase
"KAN TORBASI SANTRİFÜJ - 7000 RPM","BKC-BB7","40060","",Biobase
"HEMOTOKRİT SANTRİFÜJ - Cihaz","BKC-HC12A","1790","",Biobase
"KAN SANTRİFÜJ - Cihaz","BKC-TB4K","2190","",Biobase
"HAM PETROL & SU TESTİ SANTRİFÜJ - Cihaz","BKC-OIL5VII","11180","",Biobase
"JAR TESTER - 2'li","BJT-2","4270","",Biobase
"JAR TESTER - 4'lü","BJT-4","5610","",Biobase
"JAR TESTER - 6'lı","BJT-6","9220","",Biobase
"LABORATUVAR TİPİ BULAŞIK MAKİNESİ - 120 Litre","BK-LW120","20950","",Biobase
"LABORATUVAR TİPİ BULAŞIK MAKİNESİ - 220 Litre","BK-LW220","34920","",Biobase
"LABORATUVAR TİPİ BULAŞIK MAKİNESİ - 320 Litre","BK-LW320","44410","",Biobase
"LABORATUVAR TİPİ BULAŞIK MAKİNESİ - 420 Litre","BK-LW420","56540","",Biobase
"LABORATUVAR TİPİ BULAŞIK MAKİNESİ","BK-Q620F","40090","",Biobase
"LABORATUVAR TİPİ BULAŞIK MAKİNESİ","BK-Q720F","42130","",Biobase
"LABORATUVAR TİPİ BULAŞIK MAKİNESİ","BK-Q750F","46920","",Biobase
"LABORATUVAR TİPİ BULAŞIK MAKİNESİ","BK-Q920F","58140","",Biobase
"LABORATUVAR TİPİ BULAŞIK MAKİNESİ","BK-Q950F","69750","",Biobase
"MICROTOME CİHAZI","BKC-CM295","34050","",Biobase
"TİTRATÖR","BK-PT4A","10260","",Biobase
"TİTRATÖR","BK-PT4B","14050","",Biobase
"TİTRATÖR","BK-PT2","2340","",Biobase
"ISOTEX MANYETİK KARIŞTIRICI (ISITICILI) - ANALOG","SH-4","302","",ISOTEX
"ISOTEX MANYETİK KARIŞTIRICI (ISITICILI) - DİJİTAL","SH-4C","402","",ISOTEX
"ISOTEX MANYETİK KARIŞTIRICI (ISITICILI) - 120120 MM ANALOG","SH-2","160","",ISOTEX
"ISOTEX MANYETİK KARIŞTIRICI (ISITICILI) - 170170 MM ANALOG","SH-3","250","",ISOTEX
"ISOTEX MANYETİK KARIŞTIRICI (ISITICISIZ) - ANALOG","SH-4B","244","",ISOTEX
"ISOTEX ISITICI (KARIŞTIRICISIZ) - ANALOG","SH-4A","244","",ISOTEX
"ISOTEX ANALAG BALON ISITICI - 100 ml.","98-I-B","85","",ISOTEX
"ISOTEX ANALAG BALON ISITICI - 250 ml.","98-I-B","101","",ISOTEX
"ISOTEX ANALAG BALON ISITICI - 500 ml.","98-I-B","108","",ISOTEX
"ISOTEX ANALAG BALON ISITICI - 1000 ml.","98-I-B","138","",ISOTEX
"ISOTEX ANALAG BALON ISITICI - 2000 ml.","98-I-B","152","",ISOTEX
"ISOTEX ANALAG BALON ISITICI - 4000 ml.","98-I-B","420","",ISOTEX
"ISOTEX ANALAG BALON ISITICI - 5000 ml.","98-I-B","420","",ISOTEX
"ISOTEX ANALAG BALON ISITICI - 6000 ml.","98-I-B","535","",ISOTEX
"ISOTEX ANALAG BALON ISITICI - 10000 ml.","98-I-B","646","",ISOTEX
"ISOTEX ANALAG BALON ISITICI - 20000 ml.","98-I-B","704","",ISOTEX
"ISOTEX ÇOKLU BALON ISITICI - 250 ml. 3'lü","98-IV-B","210","",ISOTEX
"ISOTEX ÇOKLU BALON ISITICI - 500 ml. 3'lü","98-IV-B","250","",ISOTEX
"ISOTEX ÇOKLU BALON ISITICI - 1000 ml. 3'lü","98-IV-B","294","",ISOTEX
"ISOTEX ÇOKLU BALON ISITICI - 250 ml. 6'lı","98-IV-B","414","",ISOTEX
"ISOTEX ÇOKLU BALON ISITICI - 500 ml. 6'lı","98-IV-B","484","",ISOTEX
"ISOTEX ÇOKLU BALON ISITICI - 1000 ml. 6'lı","98-IV-B","545","",ISOTEX
"ISOTEX VORTEX - 2000 Rpm","ISOTEX-01","92","",ISOTEX
"ISOTEX VAKUM POMPASI - Yağlı","ISOTEX-02","321","",ISOTEX
"ISOTEX SANTRİFÜJ CİHAZI - ANALOG 20 ML x 6 LI","800-D","102","",ISOTEX
"ISOTEX SANTRİFÜJ CİHAZI - ANALOG 15 ML x 8 Lİ","ΚΑ-1000","321","",ISOTEX
"ISOTEX SANTRİFÜJ CİHAZI - DİJİTAL 20 ML x 12 Lİ","80-2A","355","",ISOTEX
"ISOTEX REFRAKTOMETRE - 0-20 ALİMÜNYUM","ISOTEX-03","45","",ISOTEX
"ISOTEX REFRAKTOMETRE - 0-32 ALİMÜNYUM","ISOTEX-04","45","",ISOTEX
"ISOTEX REFRAKTOMETRE - 0-80 BAKIR","ISOTEX-05","59","",ISOTEX
"ISOTEX REFRAKTOMETRE - 0-90 BAKIR","ISOTEX-06","59","",ISOTEX
"ISOTEX REFRAKTOMETRE - 45-82 BAKIR","ISOTEX-07","59","",ISOTEX
"ISOTEX MİKROSKOP - Monoküler 400 büyütme","VCM-116DL","151","",ISOTEX
"ISOTEX MİKROSKOP - Monoküler 400 büyütme","VCM-F","174","",ISOTEX
"ISOTEX MİKROSKOP - Monoküler 1000 büyütme","VCM-68F","302","",ISOTEX
"ISOTEX MİKROSKOP - Binoküler 1500 büyütme","","407","",ISOTEX
"ISOTEX SU BANYOSU - 5 lt.","WH-2","191","",ISOTEX
"ISOTEX SU BANYOSU - 12 lt.","WH-4","218","",ISOTEX
"ISOTEX SU BANYOSU - 16 lt","WH-6","242","",ISOTEX
"ISOTEX SU BANYOSU - 5 lt. sirkülasyonlu","WH-2C","307","",ISOTEX
"ISOTEX SU BANYOSU - 12 lt. sirkülasyonlu","WH-4C","409","",ISOTEX
"ISOTEX SU BANYOSU - 16 lt. sirkülasyonlu","WH-6C","506","",ISOTEX
"ISOTEX HOT PLATE (ISITICI TABLA) ANALOG - 3030 cm","SH-5A","338","",ISOTEX
"ISOTEX HOT PLATE (ISITICI TABLA) ANALOG - 3545 cm","SH-6A","389","",ISOTEX
"ISOTEX HOT PLATE (ISITICI TABLA) ANALOG - 4040 cm","SH-7A","460","",ISOTEX
"ISOTEX HOT PLATE (ISITICI TABLA) ANALOG - 3560 cm","SH-8A","578","",ISOTEX
"ISOTEX HOT PLATE (ISITICI TABLA) ANALOG - 4060 cm","SH-9A","592","",ISOTEX
"ISOTEX HOT PLATE (ISITICI TABLA) DİJİTAL - 3030 cm","SH-5C","355","",ISOTEX
"ISOTEX HOT PLATE (ISITICI TABLA) DİJİTAL - 3545 cm","SH-6C","407","",ISOTEX
"ISOTEX HOT PLATE (ISITICI TABLA) DİJİTAL - 4060 cm","SH-9C","629","",ISOTEX
"ISOTEX HOT PLATE (ISITICI TABLA) ANALOG SERAMİK - 4040 cm","ISOTEX-08","525","",ISOTEX
"ISOTEX HOT PLATE (ISITICI TABLA) ANALOG SERAMİK - 4060 cm","ISOTEX-09","1080","",ISOTEX
"ISOTEX FİLİTRASYON MANIFOLTU - 3'lü Çelik","","1222","",ISOTEX
"ISOTEX FİLİTRASYON MANIFOLTU - 6'lı Çelik","","1960","",ISOTEX
"CONTHAN ÇALKALAYICI - DİJİTAL","DSR-10","1509","",CONTHAN
"CONTHAN ÇALKALAYICI - ANALOG","TYZD-III","302","",CONTHAN
"CONTHAN ÇALKALAYICI - DİJİTAL","TYZD-IIIA","372","",CONTHAN
"DRAGON DİJİTAL BÜRET ŞİŞE ÜSTÜ - 50ML","ISTX-50","880","",DRAGON
"Microlit DİSPENSER BEATUS MODEL - 0,25-2,5ML","BEAT-2,5 ML","185","",Microlit
"Microlit DİSPENSER BEATUS MODEL - 0,5-5ML","BEAT-5 ML","185","",Microlit
"Microlit DİSPENSER BEATUS MODEL - 1-10ML","BEAT-10 ML","185","",Microlit
"Microlit DİSPENSER BEATUS MODEL - 2,5-30ML","BEAT-30 ML","225","",Microlit
"Microlit DİSPENSER BEATUS MODEL - 5-60ML","BEAT-60 ML","225","",Microlit
"Microlit DİSPENSER BEATUS MODEL - 10-100ML","BEAT-100 ML","265","",Microlit
"Microlit DİSPENSER LENTUS MODEL - 0,25-2,5ML","LNT-HF-2,5 ML","650","",Microlit
"Microlit DİSPENSER LENTUS MODEL - 0.5-5ML","LNT-HF-5 ML","650","",Microlit
"Microlit DİSPENSER LENTUS MODEL - 1-10ML","LNT-HF-10 ML","650","",Microlit
"Microlit DİSPENSER LENTUS MODEL - 2,5-30ML","LNT-HF-30 ML","890","",Microlit
"Microlit DİSPENSER LENTUS MODEL - 5-60ML","LNT-HF-60 ML","890","",Microlit
"Microlit OTOMATİK PİPET - 0,2-2,0μl","NRO-2","59","",Microlit
"Microlit OTOMATİK PİPET - 0,5-10μl","NRO-10","59","",Microlit
"Microlit OTOMATİK PİPET - 2-20μl","NRO-20","59","",Microlit
"Microlit OTOMATİK PİPET - 5-50μl","NRO-50","59","",Microlit
"Microlit OTOMATİK PİPET - 10-100μl","NRO-100","59","",Microlit
"Microlit OTOMATİK PİPET - 20-200μl","NRO-200","59","",Microlit
"Microlit OTOMATİK PİPET - 100-1000μl","NRO-1000","59","",Microlit
"Microlit OTOMATİK PİPET - 500-5000μl","NRO-5000","59","",Microlit
"Microlit OTOMATİK PİPET - 1000-10000μl","NRO-10000","59","",Microlit
"Microlit OTOMATİK PİPET RBO MODEL 8 KANALLI - 0,5-10μl","NRO-E-10","215","",Microlit
"Microlit OTOMATİK PİPET RBO MODEL 8 KANALLI - 0,2-20μl","NRO-E-20","215","",Microlit
"Microlit OTOMATİK PİPET RBO MODEL 8 KANALLI - 0,5-50μl","NRO-E-50","215","",Microlit
"Microlit OTOMATİK PİPET RBO MODEL 8 KANALLI - 10-100μl","NRO-E-100","215","",Microlit
"Microlit OTOMATİK PİPET RBO MODEL 8 KANALLI - 20-200μl","NRO-E-200","215","",Microlit
"Microlit OTOMATİK PİPET RBO MODEL 8 KANALLI - 40-300μl","NRO-E-300","215","",Microlit
"Microlit OTOMATİK PİPET RBO MODEL 12 KANALLI - 0,5-10μl","NRO-T-10","235","",Microlit
"Microlit OTOMATİK PİPET RBO MODEL 12 KANALLI - 0,2-20μl","NRO-T-20","235","",Microlit
"Microlit OTOMATİK PİPET RBO MODEL 12 KANALLI - 0,5-50μl","NRO-T-50","235","",Microlit
"Microlit OTOMATİK PİPET RBO MODEL 12 KANALLI - 10-100μl","NRO-T-100","235","",Microlit
"Microlit OTOMATİK PİPET RBO MODEL 12 KANALLI - 20-200μl","NRO-T-200","235","",Microlit
"Microlit OTOMATİK PİPET RBO MODEL 12 KANALLI - 40-300μl","NRO-T-300","235","",Microlit
"Microlit OTOMATİK PİPET STANDI - 6'lı","MSK-NRO-04","45","",Microlit
"Microlit ELEKTRONİK PİPET AQUA MODEL - 0.2-10μl","AQS-10","420","",Microlit
"Microlit ELEKTRONİK PİPET AQUA MODEL - 0.5-20μl","AQS-20","420","",Microlit
"Microlit ELEKTRONİK PİPET AQUA MODEL - 2-100μl","AQS-100","420","",Microlit
"Microlit ELEKTRONİK PİPET AQUA MODEL - 5-200μl","AQS-200","420","",Microlit
"Microlit ELEKTRONİK PİPET AQUA MODEL - 10-300μl","AQS-300","420","",Microlit
"Microlit ELEKTRONİK PİPET AQUA MODEL - 10-500μl","AQS-500","420","",Microlit
"Microlit ELEKTRONİK PİPET AQUA MODEL - 50-1000μl","AQS-1000","420","",Microlit
"Microlit ELEKTRONİK PİPET AQUA MODEL - 0.1-5ml","AQS-5000","420","",Microlit
"Microlit ELEKTRONİK PİPET AQUA MODEL - 1-10ml","AQS-10000","420","",Microlit
"Microlit PIPET POMPASI EASYAID Model","EA-B","155","",Microlit
"DİJİTAL BÜRET ŞİŞE ÜSTÜ - 50ML","","980","",Microlit
"E- BÜRET + DİSPENSER ŞİŞE ÜSTÜ - 50ML","","1200","",Microlit
"AYIRMA HUNİSİ - Armudi Tip Cam Musluklu 50 ml","SH-64-050","10.54","",Saha Lab
"AYIRMA HUNİSİ - Armudi Tip Cam Musluklu 100 ml","SH-64-100","10.93","",Saha Lab
"AYIRMA HUNİSİ - Armudi Tip Cam Musluklu 250 ml","SH-64-250","12.67","",Saha Lab
"AYIRMA HUNİSİ - Armudi Tip Cam Musluklu 500 ml","SH-64-500","15.84","",Saha Lab
"AYIRMA HUNİSİ - Armudi Tip Cam Musluklu 1000 ml","SH-64-1000","18.19","",Saha Lab
"AYIRMA HUNİSİ - Armudi Tip Cam Musluklu 2000 ml","SH-64-2000","28.78","",Saha Lab
"BAGET - cam (çubuk) 6200mm","SH-36-6200","0.7","",Saha Lab
"BAGET - cam (çubuk) 8250mm","SH-36-8250","0.77","",Saha Lab
"BALON - kısa boyunlu dibi düz 25 ml","SH-06-025","5.53","",Saha Lab
"BALON - kısa boyunlu dibi düz 50 ml","SH-06-050","5.53","",Saha Lab
"BALON - kısa boyunlu dibi düz 100 ml","SH-06-100","5.53","",Saha Lab
"BALON - kısa boyunlu dibi düz 250 ml","SH-06-250","5.53","",Saha Lab
"BALON - kısa boyunlu dibi düz 500 ml","SH-06-500","5.82","",Saha Lab
"BALON - kısa boyunlu dibi düz 1000 ml","SH-06-1000","11.1","",Saha Lab
"BALON - kısa boyunlu dibi düz 2000 ml","SH-06-2000","21.6","",Saha Lab
"BALON - kısa boyunlu dibi düz 3000 ml","SH-06-3000","38.8","",Saha Lab
"BALON - kısa boyunlu dibi düz 4000 ml","SH-06-4000","54.79","",Saha Lab
"BALON - kısa boyunlu dibi düz 5000 ml","SH-06-5000","59.17","",Saha Lab
"BALON - kısa boyunlu dibi düz 6000 ml","SH-06-6000","63.56","",Saha Lab
"BALON - kısa boyunlu dibi düz 10000 ml","SH-06-1001","98.65","",Saha Lab
"BALON - kısa boyunlu dibi düz 20000 ml","SH-06-1002","383.57","",Saha Lab
"BALON - kısa boyunlu dibi düz şilifli 50 ml","SH-07-050","6.97","",Saha Lab
"BALON - kısa boyunlu dibi düz şilifli 100 ml","SH-07-100","7.54","",Saha Lab
"BALON - kısa boyunlu dibi düz şilifli 250 ml","SH-07-250","8.65","",Saha Lab
"BALON - kısa boyunlu dibi düz şilifli 500 ml","SH-07-500","9.16","",Saha Lab
"BALON - kısa boyunlu dibi düz şilifli 1000 ml","SH-07-1000","11.21","",Saha Lab
"BALON - kısa boyunlu dibi düz şilifli 2000 ml","SH-07-2000","30.77","",Saha Lab
"BALON - dibi yuvarlak iki boyunlu şilifli 50 ml","SH-10-050","14.66","",Saha Lab
"BALON - dibi yuvarlak iki boyunlu şilifli 100 ml","SH-10-100","16.5","",Saha Lab
"BALON - dibi yuvarlak iki boyunlu şilifli 250 ml","SH-10-250","16.5","",Saha Lab
"BALON - dibi yuvarlak iki boyunlu şilifli 500 ml","SH-10-500","20.96","",Saha Lab
"BALON - dibi yuvarlak iki boyunlu şilifli 1000 ml","SH-10-1000","27.96","",Saha Lab
"BALON - dibi yuvarlak iki boyunlu şilifli 2000 ml","SH-10-2000","35.9","",Saha Lab
"BALON - dibi yuvarlak üç boyunlu şilifli 50 ml","SH-12-050","22.34","",Saha Lab
"BALON - dibi yuvarlak üç boyunlu şilifli 100 ml","SH-12-100","22.34","",Saha Lab
"BALON - dibi yuvarlak üç boyunlu şilifli 250 ml","SH-12-250","27.82","",Saha Lab
"BALON - dibi yuvarlak üç boyunlu şilifli 500 ml","SH-12-500","29.59","",Saha Lab
"BALON - dibi yuvarlak üç boyunlu şilifli 1000 ml","SH-12-1000","33.56","",Saha Lab
"BALON - dibi yuvarlak üç boyunlu şilifli 2000 ml","SH-12-2000","40.22","",Saha Lab
"BALON - Le Chatalier 1/10 taksimatlı 12,5/21 şilifli 250 ml","SH-12-1-250","48.01","",Saha Lab
"BALON - Kjeldahl 50 ml","SH-17-050","7.7","",Saha Lab
"BALON - Kjeldahl 100 ml","SH-17-100","9.62","",Saha Lab
"BALON - Kjeldahl 250 ml","SH-17-250","11.68","",Saha Lab
"BALON - Kjeldahl 500 ml","SH-17-500","14.08","",Saha Lab
"BALON - Kjeldahl 750 ml","SH-17-750","19.99","",Saha Lab
"BALON - Kjeldahl 1000 ml","SH-17-1000","21.12","",Saha Lab
"BALON JOJE - plastik kapaklı pyrex 3.3 İmalat A kalite 5 ml","SH-46-005","7.44","",Saha Lab
"BALON JOJE - plastik kapaklı pyrex 3.3 İmalat A kalite 10 ml","SH-46-010","7.44","",Saha Lab
"BALON JOJE - plastik kapaklı pyrex 3.3 İmalat A kalite 25 ml","SH-46-025","7.44","",Saha Lab
"BALON JOJE - plastik kapaklı pyrex 3.3 İmalat A kalite 50 ml","SH-46-050","7.44","",Saha Lab
"BALON JOJE - plastik kapaklı pyrex 3.3 İmalat A kalite 100 ml","SH-46-100","7.49","",Saha Lab
"BALON JOJE - plastik kapaklı pyrex 3.3 İmalat A kalite 250 ml","SH-46-250","10.09","",Saha Lab
"BALON JOJE - plastik kapaklı pyrex 3.3 İmalat A kalite 200 ml","SH-46-200","12.52","",Saha Lab
"BALON JOJE - plastik kapaklı pyrex 3.3 İmalat A kalite 500 ml","SH-46-500","13.1","",Saha Lab
"BALON JOJE - plastik kapaklı pyrex 3.3 İmalat A kalite 1000 ml","SH-46-1000","16.75","",Saha Lab
"BALON JOJE - plastik kapaklı pyrex 3.3 İmalat A kalite 2000 ml","SH-46-2000","23.47","",Saha Lab
"BALON JOJE - plastik kapaklı pyrex 3.3 İmalat A kalite 3000 ml","SH-46-3000","39.55","",Saha Lab
"BALON JOJE - plastik kapaklı pyrex 3.3 İmalat A kalite 5000ml","SH-46-5000","151","",Saha Lab
"BALON JOJE - AMBER Renkli 25ml","SH-46-1-025","6.14","",Saha Lab
"BALON JOJE - AMBER Renkli 50 ml","SH-46-1-050","6.64","",Saha Lab
"BALON JOJE - AMBER Renkli 100 ml","SH-46-1-100","7.92","",Saha Lab
"BALON JOJE - AMBER Renkli 250 ml","SH-46-1-250","10.24","",Saha Lab
"BALON JOJE - AMBER Renkli 500 ml","SH-46-1-500","12.48","",Saha Lab
"BALON JOJE - AMBER Renkli 1000 ml","SH-46-1-1000","17.48","",Saha Lab
"BALON JOJE - plastik kapaklı İthal 10 ml","SH-46-2-010","4.39","",Saha Lab
"BALON JOJE - plastik kapaklı İthal 25 ml","SH-46-2-025","4.74","",Saha Lab
"BALON JOJE - plastik kapaklı İthal 50 ml","SH-46-2-050","4.91","",Saha Lab
"BALON JOJE - plastik kapaklı İthal 100 ml","SH-46-2-100","5.09","",Saha Lab
"BALON JOJE - plastik kapaklı İthal 250 ml","SH-46-2-250","7.28","",Saha Lab
"BALON JOJE - plastik kapaklı İthal 500 ml","SH-46-2-500","8.64","",Saha Lab
"BALON JOJE - plastik kapaklı İthal 1000 ml","SH-46-2-1000","15.21","",Saha Lab
"BEHER - kısa form dereceli 10 ml","SH-01-010","1.25","",Saha Lab
"BEHER - kısa form dereceli 25 ml","SH-01-025","1.25","",Saha Lab
"BEHER - kısa form dereceli 50 ml","SH-01-050","1.31","",Saha Lab
"BEHER - kısa form dereceli 100 ml","SH-01-100","1.6","",Saha Lab
"BEHER - kısa form dereceli 150 ml","SH-01-150","1.76","",Saha Lab
"BEHER - kısa form dereceli 250 ml","SH-01-250","1.94","",Saha Lab
"BEHER - kısa form dereceli 400 ml","SH-01-400","3.09","",Saha Lab
"BEHER - kısa form dereceli 600 ml","SH-01-600","3.24","",Saha Lab
"BEHER - kısa form dereceli 800 ml","SH-01-800","3.86","",Saha Lab
"BEHER - kısa form dereceli 1000 ml","SH-01-1000","5.61","",Saha Lab
"BEHER - kısa form dereceli 2000 ml","SH-01-2000","13.37","",Saha Lab
"BEHER - kısa form dereceli 3000 ml","SH-01-3000","20.83","",Saha Lab
"BEHER - kısa form dereceli 5000 ml","SH-01-5000","45.77","",Saha Lab
"BEHER - kısa form dereceli 10000ml","SH-01-0001","115.16","",Saha Lab
"BÜRET - cam musluklu 10 ml","SH-48-10","8.83","",Saha Lab
"BÜRET - cam musluklu 25 ml","SH-48-25","10.3","",Saha Lab
"BÜRET - cam musluklu 50 ml","SH-48-50","11.26","",Saha Lab
"BÜRET - cam musluklu 100 ml","SH-48-100","14.35","",Saha Lab
"BÜRET - Teflon musluklu 10 ml","SH-49-10","18.88","",Saha Lab
"BÜRET - Teflon musluklu 25 ml","SH-49-25","18.88","",Saha Lab
"BÜRET - Teflon musluklu 50 ml","SH-49-50","20.18","",Saha Lab
"BÜRET - Teflon musluklu 100 ml","SH-49-100","25.79","",Saha Lab
"BÜRET - düz Amber renkli cam musluklu 10 ml","SH-48-1-10","29.3","",Saha Lab
"BÜRET - düz Amber renkli cam musluklu 25 ml","SH-48-1-25","36.59","",Saha Lab
"BÜRET - düz Amber renkli cam musluklu 50 ml","SH-48-1-50","43.99","",Saha Lab
"OTOMATİK BÜRET - tek cam musluklu 10 ml","SH-50-1-10","80.74","",Saha Lab
"OTOMATİK BÜRET - tek cam musluklu 25 ml","SH-50-1-25","82.96","",Saha Lab
"OTOMATİK BÜRET - tek cam musluklu 50 ml","SH-50-1-50","85.22","",Saha Lab
"OTOMATİK BÜRET - tek cam musluklu 100ml","SH-50-1-100","125.63","",Saha Lab
"OTOMATİK BÜRET - tek teflon musluklu 10 ml","SH-50T-1-10","104.84","",Saha Lab
"OTOMATİK BÜRET - tek teflon musluklu 25 ml","SH-50T-1-25","107.11","",Saha Lab
"OTOMATİK BÜRET - tek teflon musluklu 50 ml","SH-50T-1-50","109.38","",Saha Lab
"OTOMATİK BÜRET - tek teflon musluklu 100ml","SH-50T-1-100","149.78","",Saha Lab
"OTOMATİK BÜRET - çift cam musluklu 10 ml","SH-50-10","91.49","",Saha Lab
"OTOMATİK BÜRET - çift cam musluklu 25 ml","SH-50-25","99.1","",Saha Lab
"OTOMATİK BÜRET - çift cam musluklu 50 ml","SH-50-50","104.78","",Saha Lab
"OTOMATİK BÜRET - çift cam musluklu 100 ml","SH-50-100","135.44","",Saha Lab
"OTOMATİK BÜRET - çift teflon musluklu 10 ml","SH-50T-10","130.9","",Saha Lab
"OTOMATİK BÜRET - çift teflon musluklu 25 ml","SH-50T-25","138.24","",Saha Lab
"OTOMATİK BÜRET - çift teflon musluklu 50 ml","SH-50T-50","143.71","",Saha Lab
"OTOMATİK BÜRET - çift teflon musluklu 100 ml","SH-50T-100","173.24","",Saha Lab
"OTOMATİK BÜRET - amber tek musluklu 10 ml","SH-50-1-10-A","101.86","",Saha Lab
"OTOMATİK BÜRET - amber tek musluklu 25 ml","SH-50-1-25-A","108.95","",Saha Lab
"OTOMATİK BÜRET - amber tek musluklu 50 ml","SH-50-1-50-A","126.73","",Saha Lab
"OTOMATİK BÜRET - amber çift musluklu 10 ml","SH-50-10-A","110.93","",Saha Lab
"OTOMATİK BÜRET - amber çift musluklu 25 ml","SH-50-25-A","118.22","",Saha Lab
"OTOMATİK BÜRET - amber çift musluklu 50 ml","SH-50-50-A","135.79","",Saha Lab
"DAMLATMA HUNİSİ - Silindirik tip 19/26 NS 100 ml","SH-67-100","28.61","",Saha Lab
"DAMLATMA HUNİSİ - Silindirik tip 29/32 NS 250 ml","SH-67-250","30.29","",Saha Lab
"DAMLATMA HUNİSİ - Silindirik tip 29/32 NS 500 ml","SH-67-500","35.74","",Saha Lab
"DAMLATMA HUNİSİ - Silindirik tip 29/32 NS 1000 ml","SH-67-1000","41.78","",Saha Lab
"DAMLATMA HUNİSİ - Silindirik tip Basınç Borulu 100 ml","SH-68-100","31.94","",Saha Lab
"DAMLATMA HUNİSİ - Silindirik tip Basınç Borulu 250 ml","SH-68-250","33.91","",Saha Lab
"DAMLATMA HUNİSİ - Silindirik tip Basınç Borulu 500 ml","SH-68-500","40.18","",Saha Lab
"DAMLATMA HUNİSİ - Silindirik tip Basınç Borulu 1000 ml","SH-68-1000","52.39","",Saha Lab
"DESİKATÖR - düz 210 mm","SH-42-210","51.39","",Saha Lab
"DESİKATÖR - düz 240 mm","SH-42-240","65.16","",Saha Lab
"DESİKATÖR - düz 300 mm","SH-42-300","110.26","",Saha Lab
"DESİKATÖR - vakumlu 210 mm","SH-43-210","70.21","",Saha Lab
"DESİKATÖR - vakumlu 240 mm","SH-43-240","104.02","",Saha Lab
"DESİKATÖR - vakumlu 300 mm","SH-43-300","139.09","",Saha Lab
"ERLEN - dereceli 25 ml","SH-02-025","1.58","",Saha Lab
"ERLEN - dereceli 50 ml","SH-02-050","1.97","",Saha Lab
"ERLEN - dereceli 100 ml","SH-02-100","2.27","",Saha Lab
"ERLEN - dereceli 150 ml","SH-02-150","2.66","",Saha Lab
"ERLEN - dereceli 250 ml","SH-02-250","3.23","",Saha Lab
"ERLEN - dereceli 300 ml","SH-02-300","4.53","",Saha Lab
"ERLEN - dereceli 500 ml","SH-02-500","5.28","",Saha Lab
"ERLEN - dereceli 1000 ml","SH-02-1000","8.97","",Saha Lab
"ERLEN - dereceli 2000 ml","SH-02-2000","15.07","",Saha Lab
"ERLEN - dereceli 5000 ml","SH-02-5000","44.16","",Saha Lab
"ERLEN - dereceli geniş boyunlu 100 ml","SH-03-100","6.06","",Saha Lab
"ERLEN - dereceli geniş boyunlu 150 ml","SH-03-150","6.48","",Saha Lab
"ERLEN - dereceli geniş boyunlu 250 ml","SH-03-250","8.57","",Saha Lab
"ERLEN - dereceli geniş boyunlu 300 ml","SH-03-300","9.62","",Saha Lab
"ERLEN - dereceli geniş boyunlu 500 ml","SH-03-500","12.04","",Saha Lab
"ERLEN - dereceli geniş boyunlu 1000 ml","SH-03-1000","12.76","",Saha Lab
"ERLEN - şilifli 19/26 NS 50 ml","SH-04-050","6.97","",Saha Lab
"ERLEN - şilifli 19/26 NS 100 ml","SH-04-100","6.97","",Saha Lab
"ERLEN - şilifli 29/32 NS 250 ml","SH-04-250","7.55","",Saha Lab
"ERLEN - şilifli 29/32 NS 500 ml","SH-04-500","10.46","",Saha Lab
"ERLEN - şilifli 29/32 NS 1000 ml","SH-04-1000","13.12","",Saha Lab
"ERLEN - Nuche 100 ml","SH-58-100","9.19","",Saha Lab
"ERLEN - Nuche 250 ml","SH-58-250","9.74","",Saha Lab
"ERLEN - Nuche 500 ml","SH-58-500","11.24","",Saha Lab
"ERLEN - Nuche 1000 ml","SH-58-1000","13.68","",Saha Lab
"ERLEN - Nuche 2000 ml","SH-58-2000","22.34","",Saha Lab
"GAZ YIKAMA ŞİŞESİ - başlığı ile birlikte 100 ml","SH-61-100","17.16","",Saha Lab
"GAZ YIKAMA ŞİŞESİ - başlığı ile birlikte 250 ml","SH-61-250","21.17","",Saha Lab
"GAZ YIKAMA ŞİŞESİ - başlığı ile birlikte 500 ml","SH-61-500","29.28","",Saha Lab
"GAZ YIKAMA ŞİŞESİ - başlığı ile birlikte 1000 ml","SH-61-1000","63.36","",Saha Lab
"HUNİ - Cam Huni kısa saplı 40 mm","SH-55-040","1.39","",Saha Lab
"HUNİ - Cam Huni kısa saplı 60 mm","SH-55-060","2.12","",Saha Lab
"HUNİ - Cam Huni kısa saplı 75 mm","SH-55-075","2.5","",Saha Lab
"HUNİ - Cam Huni kısa saplı 100 mm","SH-55-100","2.85","",Saha Lab
"HUNİ - Cam Huni kısa saplı 120 mm","SH-55-120","5.29","",Saha Lab
"HUNİ - Cam Huni kısa saplı 150 mm","SH-55-150","10.51","",Saha Lab
"HUNİ - Cam Huni kısa saplı 200 mm","SH-55-200","44.46","",Saha Lab
"HUNİ - Kantitatif (Oluklu) 60mm","SH-56-60","5.82","",Saha Lab
"HUNİ - Kantitatif (Oluklu) 75mm","SH-56-75","6.91","",Saha Lab
"HUNİ - Imhoff Hunisi cam 1000 ml","SH-55-01","55.28","",Saha Lab
"KROZE - Goache 30 mm porozite 1","SH-62-3010","10.76","",Saha Lab
"KROZE - Goache 30 mm porozite 2","SH-62-3020","10.76","",Saha Lab
"KROZE - Goache 30 mm porozite 3","SH-62-3030","10.76","",Saha Lab
"KROZE - Goache 30 mm porozite 4","SH-62-3040","11.55","",Saha Lab
"KROZE - Goache 50 mm porozite 1","SH-62-5010","12.16","",Saha Lab
"KROZE - Goache 50 mm porozite 2","SH-62-5020","12.16","",Saha Lab
"KROZE - Goache 50 mm porozite 3","SH-62-5030","12.16","",Saha Lab
"KROZE - Goache 50 mm porozite 4","SH-62-5040","12.85","",Saha Lab
"LAM - 50'lik kutu düz kesim 2676mm","SH-133-01","1.16","",Saha Lab
"LAM - 50'lik kutu Kenarı rodajlı 2676mm","SH-133-02","1.37","",Saha Lab
"LAM - 50'lik kutu 1/3 tek tarafı rodajlı 2676mm","SH-133-03","1.43","",Saha Lab
"LAM - 50'lik kutu 1/3 iki tarafı rodajlı 2676mm","SH-133-04","1.68","",Saha Lab
"LAM - 50'lik kutu 1/3 renkli","SH-133-05","3.42","",Saha Lab
"LAM - Thoma","SH-204-001","10.53","",Saha Lab
"LAMEL - 100'lük kt HDA Marka 1818","SH-134-1818","0.47","",Saha Lab
"LAMEL - 100'lük kt HDA Marka 2020","SH-134-2020","0.5","",Saha Lab
"LAMEL - 100'lük kt HDA Marka 2222","SH-134-2222","0.55","",Saha Lab
"LAMEL - 100'lük kt HDA Marka 2424","SH-134-2424","0.66","",Saha Lab
"LAMEL - 100'lük kt HDA Marka 2432","SH-134-2432","0.98","",Saha Lab
"LAMEL - 100'lük kt HDA Marka 2450","SH-134-2450","1.34","",Saha Lab
"LAMEL - 100'lük kt HDA Marka 2460","SH-134-2460","1.76","",Saha Lab
"MEZÜR - uzun form cam 10 ml","SH-44-010","2.04","",Saha Lab
"MEZÜR - uzun form cam 25 ml","SH-44-025","2.67","",Saha Lab
"MEZÜR - uzun form cam 50 ml","SH-44-050","3.01","",Saha Lab
"MEZÜR - uzun form cam 100 ml","SH-44-100","3.38","",Saha Lab
"MEZÜR - uzun form cam 250 ml","SH-44-250","6.65","",Saha Lab
"MEZÜR - uzun form cam 500 ml","SH-44-500","9.1","",Saha Lab
"MEZÜR - uzun form cam 1000 ml","SH-44-1000","15.57","",Saha Lab
"MEZÜR - uzun form cam 2000 ml","SH-44-2000","24.61","",Saha Lab
"MEZÜR - uzun form altıgen taban 10 ml","SH-44-1-010-A","2.93","",Saha Lab
"MEZÜR - uzun form altıgen taban 25 ml","SH-44-1-025-A","3.35","",Saha Lab
"MEZÜR - uzun form altıgen taban 50 ml","SH-44-1-050-A","3.54","",Saha Lab
"MEZÜR - uzun form altıgen taban 100 ml","SH-44-1-100-A","4.16","",Saha Lab
"MEZÜR - uzun form altıgen taban 250 ml","SH-44-1-250-A","7.99","",Saha Lab
"MEZÜR - uzun form altıgen taban 500 ml","SH-44-1-500-A","11.94","",Saha Lab
"MEZÜR - uzun form altıgen taban 1000 ml","SH-44-1-1000-A","19.64","",Saha Lab
"MEZÜR - uzun form altıgen taban 2000 ml","SH-44-1-2000-A","32","",Saha Lab
"MEZÜR - çalkalama şilifli kapaklı 10 ml","SH-45-010","7.06","",Saha Lab
"MEZÜR - çalkalama şilifli kapaklı 25 ml","SH-45-025","7.61","",Saha Lab
"MEZÜR - çalkalama şilifli kapaklı 50 ml","SH-45-050","9.12","",Saha Lab
"MEZÜR - çalkalama şilifli kapaklı 100 ml","SH-45-100","10.67","",Saha Lab
"MEZÜR - çalkalama şilifli kapaklı 250ml","SH-45-250","15.53","",Saha Lab
"MEZÜR - çalkalama şilifli kapaklı 500ml","SH-45-500","19.31","",Saha Lab
"MEZÜR - (UN İÇİN) SEDİM TÜPÜ ŞİLİFLİ 100 ml","SH-45-101","12.72","",Saha Lab
"MEZÜR - özel toprak analiz için 1130ml-1205 ml","SH-45-102","33.26","",Saha Lab
"PİPET - Otomatik Başlığı 1 ml","SH-54-001","22.3","",Saha Lab
"PİPET - Otomatik Başlığı 2 ml","SH-54-002","22.3","",Saha Lab
"PİPET - Otomatik Başlığı 5 ml","SH-54-005","22.3","",Saha Lab
"PİPET - Otomatik Başlığı 10 ml","SH-54-010","22.3","",Saha Lab
"PİPET - Otomatik Başlığı 25 ml","SH-54-025","22.3","",Saha Lab
"PİPET - Otomatik Başlığı 50 ml","SH-54-050","22.3","",Saha Lab
"PİPET - Otomatik Başlığı 100 ml","SH-54-100","29.51","",Saha Lab
"PİPET - Dereceli 1 ml","SH-53-01","1.33","",Saha Lab
"PİPET - Dereceli 2 ml","SH-53-02","1.33","",Saha Lab
"PİPET - Dereceli 5 ml","SH-53-05","1.47","",Saha Lab
"PİPET - Dereceli 10 ml","SH-53-10","1.55","",Saha Lab
"PİPET - Dereceli 25 ml","SH-53-25","2.66","",Saha Lab
"PİPET - Bullu tek çizgili 10 ml","SH-52-010","5.96","",Saha Lab
"PİPET - Bullu tek çizgili 11 ml","SH-52-011","5.96","",Saha Lab
"PİPET - Bullu tek çizgili 20 ml","SH-52-020","6.58","",Saha Lab
"PİPET - Bullu tek çizgili 25 ml","SH-52-025","6.76","",Saha Lab
"PİPET - Bullu tek çizgili 50 ml","SH-52-050","8.26","",Saha Lab
"PİPET - Bullu tek çizgili 100 ml","SH-52-100","13.67","",Saha Lab
"PİKNOMETRE - S & H Glass 5 ml","SH-47-005","8.69","",Saha Lab
"PİKNOMETRE - S & H Glass 10 ml","SH-47-010","9.12","",Saha Lab
"PİKNOMETRE - S & H Glass 25 ml","SH-47-025","9.28","",Saha Lab
"PİKNOMETRE - S & H Glass 50 ml","SH-47-050","9.86","",Saha Lab
"PİKNOMETRE - S & H Glass 100 ml","SH-47-100","13.34","",Saha Lab
"PİKNOMETRE - S & H Glass 250 ml","SH-47-250","18.48","",Saha Lab
"PİKNOMETRE - S & H Glass 500 ml","SH-47-500","23.12","",Saha Lab
"PİKNOMETRE - S & H Glass 1000ml","SH-47-1000","36.46","",Saha Lab
"PİKNOMETRE - S & H Glass 2000ml","SH-47-2000","62.57","",Saha Lab
"PİKNOMETRE - Hunili 500ml","SH-ÖZEL İML.","37.52","",Saha Lab
"PİKNOMETRE - Hunili 1000ml","SH-ÖZEL İML.","49.55","",Saha Lab
"PİKNOMETRE - Hunili 2000ml","SH-ÖZEL İML.","63.19","",Saha Lab
"PİKNOMETRE - Hunili 3000ml","SH-ÖZEL İML.","85.44","",Saha Lab
"PİKNOMETRE - Hunili 5000ml","SH-ÖZEL İML.","144.98","",Saha Lab
"SOĞUTUCU - Düz şilifsiz 300 mm","SH-101-300","14.89","",Saha Lab
"SOĞUTUCU - Düz şilifsiz 400 mm","SH-101-400","17.88","",Saha Lab
"SOĞUTUCU - Düz şilifsiz 500 mm","SH-101-500","19.97","",Saha Lab
"SOĞUTUCU - Düz tek ucu şilifli 300 mm","SH-101-1-300","18.28","",Saha Lab
"SOĞUTUCU - Düz tek ucu şilifli 400 mm","SH-101-1-400","18.74","",Saha Lab
"SOĞUTUCU - Düz tek ucu şilifli 500 mm","SH-101-1-500","20.83","",Saha Lab
"SOĞUTUCU - Düz iki ucu şilifli 300 mm","SH-101-2-300","19.97","",Saha Lab
"SOĞUTUCU - Düz iki ucu şilifli 400 mm","SH-101-2-400","23.92","",Saha Lab
"SOĞUTUCU - Düz iki ucu şilifli 500 mm","SH-101-2-500","28.34","",Saha Lab
"SOĞUTUCU - Bullu şilifsiz 300 mm","SH-103-300","15.14","",Saha Lab
"SOĞUTUCU - Bullu şilifsiz 400 mm","SH-103-400","18.06","",Saha Lab
"SOĞUTUCU - Bullu şilifsiz 500 mm","SH-103-500","19.97","",Saha Lab
"SOĞUTUCU - Bullu tek ucu şilifli 300 mm","SH-103-01-300","20.83","",Saha Lab
"SOĞUTUCU - Bullu tek ucu şilifli 400 mm","SH-103-01-400","23.1","",Saha Lab
"SOĞUTUCU - Bullu tek ucu şilifli 500 mm","SH-103-01-500","24.56","",Saha Lab
"SOĞUTUCU - Bullu iki ucu şilifli 300 mm","SH-103-2-300","25","",Saha Lab
"SOĞUTUCU - Bullu iki ucu şilifli 400 mm","SH-103-2-400","27.24","",Saha Lab
"SOĞUTUCU - Bullu iki ucu şilifli 500 mm","SH-103-2-500","28.8","",Saha Lab
"SOĞUTUCU - Spiralli şilifsiz 300 mm","SH-102-300","20.83","",Saha Lab
"SOĞUTUCU - Spiralli şilifsiz 400 mm","SH-102-400","25","",Saha Lab
"SOĞUTUCU - Spiralli şilifsiz 500 mm","SH-102-500","29.23","",Saha Lab
"SOĞUTUCU - Spiralli tek ucu şilifli 300 mm","SH-102-01-300","27.56","",Saha Lab
"SOĞUTUCU - Spiralli tek ucu şilifli 400 mm","SH-102-01-400","33.42","",Saha Lab
"SOĞUTUCU - Spiralli tek ucu şilifli 500 mm","SH-102-01-500","36.12","",Saha Lab
"SOĞUTUCU - Spiralli iki ucu şilifli 300 mm","SH-102-2-300","33.43","",Saha Lab
"SOĞUTUCU - Spiralli iki ucu şilifli 400 mm","SH-102-2-400","37.63","",Saha Lab
"SOĞUTUCU - Spiralli iki ucu şilifli 500 mm","SH-102-2-500","41.82","",Saha Lab
"SOKSİLET APARATI - Extraktörü 100 ml","SH-104-100","38.86","",Saha Lab
"SOKSİLET APARATI - Extraktörü 150 ml","SH-104-150","40.49","",Saha Lab
"SOKSİLET APARATI - Extraktörü 250 ml","SH-104-250","52.56","",Saha Lab
"SOKSİLET APARATI - Extraktörü 500 ml","SH-104-500","81.37","",Saha Lab
"SOKSİLET APARATI - Soğutucusu Bullu NS 45/40 300 mm","SH-104-300","52.56","",Saha Lab
"SOKSİLET APARATI - cihazı cam takım 250 ml","SH-104-251","103.84","",Saha Lab
"ŞİŞE - B.O.D. 300 ml","SH-30-300","10.16","",Saha Lab
"ŞİŞE - Otoklav şişesi Pyreks Boro 3.3 100 ml","SH-31-100","4.22","",Saha Lab
"ŞİŞE - Otoklav şişesi Pyreks Boro 3.3 250 ml","SH-31-250","4.83","",Saha Lab
"ŞİŞE - Otoklav şişesi Pyreks Boro 3.3 500 ml","SH-31-500","6.82","",Saha Lab
"ŞİŞE - Otoklav şişesi Pyreks Boro 3.3 1000 ml","SH-31-1000","10.17","",Saha Lab
"ŞİŞE - Otoklav şişesi Pyreks Boro 3.3 2000 ml","SH-31-2000","22.63","",Saha Lab
"ŞİŞE - Otoklav şişesi Pyreks Boro 3.3 3000 ml","SH-31-3000","60.28","",Saha Lab
"ŞİŞE - Otoklav şişesi Pyreks Boro 3.3 5000 ml","SH-31-5000","81.28","",Saha Lab
"ŞİŞE - Otoklav şişesi Pyreks Boro 3.3 10000 ml","SH-31-1001","155.25","",Saha Lab
"ŞİŞE - Otoklav şişesi Pyreks Boro 3.4 20000 ml","SH-31-1002","342.7","",Saha Lab
"ŞİŞE - Otoklav şişesi ithal Amber 100 ml","SH-31-Amber","7.3","",Saha Lab
"ŞİŞE - Otoklav şişesi ithal Amber 250 ml","SH-31-Amber","9.41","",Saha Lab
"ŞİŞE - Otoklav şişesi ithal Amber 500 ml","SH-31-Amber","12.5","",Saha Lab
"ŞİŞE - Otoklav şişesi ithal Amber 1000 ml","SH-31-Amber","20.84","",Saha Lab
"ŞİŞE - Otoklav şişesi ithal Amber 2000 ml","SH-31-Amber","48.46","",Saha Lab
"ŞİŞE - Amber renkli şişe rodajlı (otom.pipet deposu) 1000 ml","SH-153-1000","11.55","",Saha Lab
"ŞİŞE - Amber renkli şişe rodajlı (otom.büret deposu) 2000 ml","SH-153-2000","17.91","",Saha Lab
"TÜP - Deney dibi yuvarlak 1275","SH-40-12075","0.045","",Saha Lab
"TÜP - Deney dibi yuvarlak 10100","SH-40-10100","0.054","",Saha Lab
"TÜP - Deney dibi yuvarlak 13100","SH-40-13100","0.056","",Saha Lab
"TÜP - Deney dibi yuvarlak 16100","SH-40-16100","0.099","",Saha Lab
"TÜP - Deney dibi yuvarlak 16160","SH-40-16160","0.133","",Saha Lab
"TÜP - Deney dibi yuvarlak 18180","SH-40-18180","0.185","",Saha Lab
"TÜP - Deney dibi yuvarlak 25150","SH-40-25150","0.381","",Saha Lab
"TÜP - Deney dibi yuvarlak vida kapaklı 16100","SH-40-16100-V","0.401","",Saha Lab
"TÜP - Deney dibi yuvarlak vida kapaklı 16160","SH-40-16160-V","0.417","",Saha Lab
"TÜP - Deney dibi yuvarlak vida kapaklı 18180","SH-40-18180-V","0.52","",Saha Lab
"TÜP - Deney dibi yuvarlak vida kapaklı 20150","SH-40-20150-V","0.47","",Saha Lab
"TÜP - Durhaim 640","SH-40-0640","0.32","",Saha Lab
"TÜP - Deney dibi konik santrifüj için dereceli 16100","SH-40-16100-D","0.72","",Saha Lab
"TÜP - Deney Dibi Konik Santrifüj için 16100","SH-40-16100-K","0.3","",Saha Lab
"TÜP - Kjeldahl 42300mm","SH-40-42300","19","",Saha Lab
"VEZİN KABI - 3030","SH-26-3030","5.5","",Saha Lab
"VEZİN KABI - 4040","SH-26-4040","9.16","",Saha Lab
"VEZİN KABI - 5030","SH-26-5030","9.92","",Saha Lab
"VEZİN KABI - 6030","SH-26-6030","10.84","",Saha Lab
"VEZİN KABI - 7035","SH-26-7035","12.82","",Saha Lab
"VEZİN KABI - 8040","SH-26-8040","15.58","",Saha Lab
"CAM HAVAN ve ELİ - 100 mm","SH-148-100","5.55","",Saha Lab
"CAM HAVAN ve ELİ - 120 mm","SH-148-120","10.34","",Saha Lab
"CAM HAVAN ve ELİ - 150 mm","SH-148-150","14.4","",Saha Lab
"CAM HAVAN ve ELİ - 180 mm","SH-148-180","19.65","",Saha Lab
"ÖZEL CAM KAP (REFLUKS) - beton asfalt vs için 220460mm","SH-ÖZEL","138.21","",Saha Lab
"SARF - Amyant tel 120 mm","SH-149-120","2.25","",Saha Lab
"SARF - Amyant tel 160 mm","SH-149-160","2.54","",Saha Lab
"SARF - Agat Havan ve Eli 50mm","SH-200-050","84.79","",Saha Lab
"SARF - Agat Havan ve Eli 80mm","SH-200-080","181.06","",Saha Lab
"SARF - Agat Havan ve Eli 100mm","SH-200-100","302.5","",Saha Lab
"SARF - Asit Tabancası","SH-176-03","10.87","",Saha Lab
"SARF - Büret standı (dikdörtgen ayaklı)","SH-124-01","21.94","",Saha Lab
"SARF - Büret standı (üçgen ayaklı)","SH-124-02","23.12","",Saha Lab
"SARF - Bunzen Beki (tüp gaz, dogalgaz)","SH-128-01-02","27.83","",Saha Lab
"SARF - Beher Maşası","SH-202-275","7.75","",Saha Lab
"SARF - Cam Kapak 14,5/23","SH-177-01","3","",Saha Lab
"SARF - Cam Kapak 19/26","SH-177-02","3","",Saha Lab
"SARF - Cam Kapak 29/32","SH-177-03","4.52","",Saha Lab
"SARF - Cam Kapak 45/40","SH-177-04","11.93","",Saha Lab
"SARF - Cam malzeme kurutma standı 30/25","SH-151-01","70.09","",Saha Lab
"SARF - Cam Pastör Pipeti 250 'lik pkt 150mm","SH-211-150","21.94","",Saha Lab
"SARF - Cam Pastör Pipeti 250 'lik pkt 230mm","SH-211-230","23.75","",Saha Lab
"SARF - Filitre Kağıdı Mavi Bant 125mm","SH-126-103","11.55","",Saha Lab
"SARF - Filitre Kağıdı Siyah Bant 125mm","SH-126-101","11.55","",Saha Lab
"SARF - Filitre Kağıdı Beyaz Bant 125mm","SH-126-102","11.55","",Saha Lab
"SARF - Fırça küçük (tüp için)","SH-152-02","1.94","",Saha Lab
"SARF - Fırça büyük (balon, mezür v.s)","SH-152-01","6.37","",Saha Lab
"SARF - Fırça uzun (Büret için)","SH-152-03","4.44","",Saha Lab
"SARF - Guko Seti","SH-213-001","14.72","",Saha Lab
"SARF - Halka demir nivolu 6cm-7cm-10cm","SH-169-01-02-03","4.23","",Saha Lab
"SARF - Hematocrit tüpü heparinli","SH-127-01","2.55","",Saha Lab
"SARF - Hortum Laboratuvar için 812","SH-201-812","10.42","",Saha Lab
"SARF - Kıskaç üç ağızlı Büyük","SH-122-01","12.47","",Saha Lab
"SARF - Kıskaç üç ağızlı Nivolu Büyük","SH-122-02","23.89","",Saha Lab
"SARF - Kıskaç üç ağızlı Nivolu Küçük","SH-122-03","19.38","",Saha Lab
"SARF - Kil Üçgen","SH-146-01","2.1","",Saha Lab
"SARF - Kristalizuar 140mm","SH-38-02","12.83","",Saha Lab
"SARF - Küvet Quartz macro 10mm-3,5ml","SH-QUARTZ-01","72.5","",Saha Lab
"SARF - Küvet Cam macro 10mm - 3,5ml","SH-CAM-01","7.4","",Saha Lab
"SARF - Küvet Quartz semi micro 10mm 1.4ml","SH-QUARTZ-02","110","",Saha Lab
"SARF - Küvet Cam semi micro 10mm 1.4ml","SH-CAM-02","48","",Saha Lab
"SARF - Küvet Quartz micro 0.5ml 1ml","SH-QUARTZ-03","110","",Saha Lab
"SARF - Küvet Quartz 20mm -7ml","SH-QUARTZ-04","101","",Saha Lab
"SARF - Küvet Cam 20mm -7ml","SH-CAM-03","22","",Saha Lab
"SARF - Küvet Cam 30mm 10,5ml","SH-CAM-04","22","",Saha Lab
"SARF - Küvet Quartz 30mm 10.5ml","SH-QUARTZ-05","101","",Saha Lab
"SARF - Küvet Cam 40mm 14ml","SH-CAM-05","20","",Saha Lab
"SARF - Küvet Cam 50mm 17.5ml","SH-CAM-06","26","",Saha Lab
"SARF - Küvet Quartz 50mm 17.5ml","SH-QUARTZ-06","131","",Saha Lab
"SARF - Küvet Cam 100mm 35ml","SH-CAM-07","67.81","",Saha Lab
"SARF - Kroze maşası Küçük 250mm","SH-125-01","7.98","",Saha Lab
"SARF - Kroze maşası Orta 300mm","SH-125-02","10","",Saha Lab
"SARF - Kroze maşası Büyük 450mm","SH-125-03","20.45","",Saha Lab
"SARF - Laboratuvar Krikosu 150mm","SH-129-01","64.19","",Saha Lab
"SARF - Laboratuvar Krikosu 200mm","SH-129-02","71.66","",Saha Lab
"SARF - Mantar Balon Stantı 50-100ml","SH-209-100","6.54","",Saha Lab
"SARF - Mantar Balon Stantı 250ml","SH-209-250","9.26","",Saha Lab
"SARF - Mantar Balon Stantı 500ml","SH-209-500","11.9","",Saha Lab
"SARF - Mantar Balon Stantı 1000ml","SH-209-1000","14.17","",Saha Lab
"SARF - Mantar delme seti","SH-138-01","46.2","",Saha Lab
"SARF - Manyetik Balık 610mm","SH-136-10","1.43","",Saha Lab
"SARF - Manyetik Balık 615mm","SH-136-15","1.66","",Saha Lab
"SARF - Manyetik Balık 620mm","SH-136-20","1.79","",Saha Lab
"SARF - Manyetik Balık 630mm","SH-136-30","2.36","",Saha Lab
"SARF - Manyetik Balık 740mm","SH-136-40","3.25","",Saha Lab
"SARF - Manyetik Balık 850mm","SH-136-50","5.23","",Saha Lab
"SARF - Manyetik Balık 1060mm","SH-136-60","5.84","",Saha Lab
"SARF - Manyetik Balık 1070mm","SH-136-70","9","",Saha Lab
"SARF - Manyetik Balık 1080mm","SH-136-80","11.74","",Saha Lab
"SARF - Manyetik Balık Tutucu","SH-203-250","13.51","",Saha Lab
"SARF - Membran Şırınga Filtre Uçu 100'lük pkt. 0,45PES Mavi","SH-199-001","29","",Saha Lab
"SARF - Membran Şırınga Filtre Uçu 100'lük pkt. 0,22Nylon Yeşil","SH-199-004","29","",Saha Lab
"SARF - Membran Şırınga Filtre Uçu 100'lük pkt. 0,45Nylon Beyaz","SH-199-005","29","",Saha Lab
"SARF - Membran Şırınga Filtre Uçu 100'lük pkt. 0,45RC Turuncu","SH-199-009","34","",Saha Lab
"SARF - Membran Şırınga Filtre Uçu 100'lük pkt. 0,45PVDF Mor","SH-199-010","34","",Saha Lab
"SARF - Membran Şırınga Filtre Uçu 100'lük pkt. 0,20MCE Sarı","SH-199-011","29","",Saha Lab
"SARF - Nivo ara parçası 11 cm","SH-121-016","1.27","",Saha Lab
"SARF - Plastik Erlen vida kapaklı 250ml","SH-PLS-13-250","7.02","",Saha Lab
"SARF - Plastik Erlen vida kapaklı 500ml","SH-PLS-13-500","9.79","",Saha Lab
"SARF - Plastik Ependorf Tüpü 500'lük pş. 1,5 ml","SH-PLS-01-15","8.91","",Saha Lab
"SARF - Plastik Pastör Pipeti 500'lük pş. 3 ml","SH-PLS-05-3","20.01","",Saha Lab
"SARF - Plastik Pipet Ucu Sarı 1000'lik pş. 200ul","SH-PLS-08-200","5.73","",Saha Lab
"SARF - Plastik Pipet Ucu Mavi 500'lük pş. 1000ul","SH-PLS-04-1000","6.84","",Saha Lab
"SARF - Plastik Pipet Ucu Beyaz 250'lik pş. 5000ul","SH-PLS-15-5000","28.29","",Saha Lab
"SARF - Plastik Pipet Ucu Beyaz 100'lük pş. 10000ul","SH-PLS-15-0001","35.81","",Saha Lab
"SARF - Plastik Falcon Tüpü 15ml","SH-PLS-02-15","0.191","",Saha Lab
"SARF - Plastik Falcon Tüpü 50ml","SH-PLS-02-50","0.304","",Saha Lab
"SARF - Plastik Balon joje 25ml","SH-PLS-10-025","2.75","",Saha Lab
"SARF - Plastik Balon joje 50ml","SH-PLS-10-050","3.32","",Saha Lab
"SARF - Plastik Balon joje 100ml","SH-PLS-10-100","4.14","",Saha Lab
"SARF - Plastik Balon joje 250ml","SH-PLS-10-250","5","",Saha Lab
"SARF - Plastik Balon joje 500ml","SH-PLS-10-500","6.66","",Saha Lab
"SARF - Plastik Balon joje 1000ml","SH-PLS-10-1000","9.94","",Saha Lab
"SARF - Plastik Beher kısa form 25ml","SH-PLS-11-025","0.35","",Saha Lab
"SARF - Plastik Beher kısa form 50ml","SH-PLS-11-050","0.61","",Saha Lab
"SARF - Plastik Beher kısa form 100ml","SH-PLS-11-100","0.71","",Saha Lab
"SARF - Plastik Beher kısa form 250ml","SH-PLS-11-250","1.29","",Saha Lab
"SARF - Plastik Beher kısa form 500ml","SH-PLS-11-500","1.68","",Saha Lab
"SARF - Plastik Beher kısa form 1000ml","SH-PLS-11-1000","2.93","",Saha Lab
"SARF - Plastik Beher kısa form 2000ml","SH-PLS-11-2000","8.64","",Saha Lab
"SARF - Plastik Beher kısa form kulplu 250ml","SH-PLS-11K-250","3.2","",Saha Lab
"SARF - Plastik Beher kısa form kulplu 500ml","SH-PLS-11K-500","4.34","",Saha Lab
"SARF - Plastik Beher kısa form kulplu 1000ml","SH-PLS-11K-100","6.28","",Saha Lab
"SARF - Plastik Beher kısa form kulplu 2000ml","SH-PLS-11K-200","10.75","",Saha Lab
"SARF - Plastik Beher kısa form kulplu 3000ml","SH-PLS-11K-300","19.75","",Saha Lab
"SARF - Plastik Beher kısa form kulplu 5000ml","SH-PLS-11K-500","23.91","",Saha Lab
"SARF - Plastik Mezür uzun form 10ml","SH-PLS-09-010","1.53","",Saha Lab
"SARF - Plastik Mezür uzun form 25ml","SH-PLS-09-025","1.68","",Saha Lab
"SARF - Plastik Mezür uzun form 50ml","SH-PLS-09-050","1.89","",Saha Lab
"SARF - Plastik Mezür uzun form 100ml","SH-PLS-09-100","2.4","",Saha Lab
"SARF - Plastik Mezür uzun form 250ml","SH-PLS-09-250","4.68","",Saha Lab
"SARF - Plastik Mezür uzun form 500ml","SH-PLS-09-500","8.73","",Saha Lab
"SARF - Plastik Mezür uzun form 1000ml","SH-PLS-09-1000","9.75","",Saha Lab
"SARF - Plastik Mezür uzun form 2000ml","SH-PLS-09-2000","31.98","",Saha Lab
"SARF - Plastik Huni 50mm","SH-PLS-12-050","0.87","",Saha Lab
"SARF - Plastik Huni 70mm","SH-PLS-12-070","1.29","",Saha Lab
"SARF - Plastik Huni 90mm","SH-PLS-12-090","2.08","",Saha Lab
"SARF - Plastik Huni 100mm","SH-PLS-12-100","2.52","",Saha Lab
"SARF - Plastik Huni 120mm","SH-PLS-12-120","2.52","",Saha Lab
"SARF - Plastik Huni 150mm","SH-PLS-12-150","3.06","",Saha Lab
"SARF - Plastik Piset 100ml","SH-PLS-06-100","2.5","",Saha Lab
"SARF - Plastik Piset 250 ml","SH-PLS-06-250","2.81","",Saha Lab
"SARF - Plastik Piset 500 ml","SH-PLS-06-500","4.82","",Saha Lab
"SARF - Plastik Piset 1000 ml","SH-PLS-06-1000","8.22","",Saha Lab
"SARF - Plastik Pipet Stantı Yatay","SH-PLS-14-01","10.9","",Saha Lab
"SARF - Plastik Pipet Stantı Döner Tab.","SH-PLS-14-02","15.21","",Saha Lab
"SARF - Ph Kağıdı 0-14","SH-205-014","12.22","",Saha Lab
"SARF - Porselen Kroze 101/35","SH-130-01","2.91","",Saha Lab
"SARF - Porselen Buhner hunisi 100 mm","SH-144-100","13","",Saha Lab
"SARF - Porselen Buhner hunisi 120 mm","SH-144-120","13.26","",Saha Lab
"SARF - Porselen Havan ve Eli 80 mm","SH-147-080","4.76","",Saha Lab
"SARF - Porselen Havan ve Eli 100 mm","SH-147-100","5.14","",Saha Lab
"SARF - Porselen Havan ve Eli 130 mm","SH-147-130","7.37","",Saha Lab
"SARF - Porselen Havan ve Eli 160 mm","SH-147-160","12.18","",Saha Lab
"SARF - Porselen Havan ve Eli 190 mm","SH-147-190","25.15","",Saha Lab
"SARF - Porselen kapsül 50mm","SH-131-050","2.13","",Saha Lab
"SARF - Porselen kapsül 70mm","SH-131-070","2.13","",Saha Lab
"SARF - Porselen kapsül 80mm","SH-131-080","2.38","",Saha Lab
"SARF - Porselen kapsül 100mm","SH-131-100","3.36","",Saha Lab
"SARF - Porselen kapsül 125mm","SH-131-125","5.57","",Saha Lab
"SARF - Porselen Kayıkçık 72mm-1.5ml","SH-212-072","0.55","",Saha Lab
"SARF - Porselen Kayıkçık 95mm-2,5ml","SH-212-095","0.82","",Saha Lab
"SARF - Petri kabı cam 60mm","SH-41-060","1.6","",Saha Lab
"SARF - Petri kabı cam 80mm","SH-41-080","2.14","",Saha Lab
"SARF - Petri kabı cam 100 mm","SH-41-100","2.19","",Saha Lab
"SARF - Petri kabı cam 120 mm","SH-41-120","3.51","",Saha Lab
"SARF - Petri kabı cam 150 mm","SH-41-150","6.08","",Saha Lab
"SARF - Puar 3 yollu","SH-135-001","7.87","",Saha Lab
"SARF - Puar Tek yollu","SH-29-01","5.92","",Saha Lab
"SARF - Pipet Pump 2ml, 10ml, 25ml","SH-28-01","9.02","",Saha Lab
"SARF - Penset (CIMBIZ) metal 125 mm","SH-139-01","3.08","",Saha Lab
"SARF - Saat camı 70 mm","SH-25-070","0.89","",Saha Lab
"SARF - Saat camı 100 mm","SH-25-100","2.12","",Saha Lab
"SARF - Saat camı 120mm","SH-25-120","3.24","",Saha Lab
"SARF - Saat camı 150mm","SH-25-150","3.59","",Saha Lab
"SARF - Spatül metal kaşıklı 150 mm","SH-143-01","3.35","",Saha Lab
"SARF - Spatül metal iki ucu düz 180 mm","SH-141-01","2.28","",Saha Lab
"SARF - Spatül porselen beyaz","SH-142-01","5.96","",Saha Lab
"SARF - Soksilet Kartuşu 25'li pkt 2780","SH-198-2780","44","",Saha Lab
"SARF - Soksilet Kartuşu 25'li pkt 3080","SH-198-3080","44","",Saha Lab
"SARF - Soksilet Kartuşu 25'li pkt 3380","SH-198-3380","44","",Saha Lab
"SARF - Şale cam dik","SH-137-01","5.26","",Saha Lab
"SARF - Şale cam yatık","SH-137-02","5.8","",Saha Lab
"SARF - Şilif klipsi plastik NS 12/21","SH-210-1221","2.09","",Saha Lab
"SARF - Şilif klipsi plastik NS 14/23","SH-210-1423","2.17","",Saha Lab
"SARF - Şilif klipsi plastik NS 19/26","SH-210-1926","2.21","",Saha Lab
"SARF - Şilif klipsi plastik NS 24/29","SH-210-2429","2.5","",Saha Lab
"SARF - Şilif klipsi plastik NS 29/32","SH-210-2932","2.5","",Saha Lab
"SARF - Şilif klipsi plastik NS 34/35","SH-210-3435","3.17","",Saha Lab
"SARF - Şilif klipsi plastik NS 40/40","SH-210-4040","4.26","",Saha Lab
"SARF - Şilif klipsi plastik NS 45/40","SH-210-4540","4.26","",Saha Lab
"SARF - Termometre baget tipi 110 C","SH-171-01","3.34","",Saha Lab
"SARF - Termometre baget tipi 360 C","SH-171-02","5.21","",Saha Lab
"SARF - Termo- Hygrometre HTC-2","SH-171-03-H","12.2","",Saha Lab
"SARF - Alkolmetre 100 C","SH-171-03-A","4.75","",Saha Lab
"SARF - Turnusol kağıdı kırmızı kutulu","SH-150-01","2.65","",Saha Lab
"SARF - Turnusol kağıdı mavi kutulu","SH-150-02","2.65","",Saha Lab
"SARF - Tüp sporu plastik beyaz (90 Tüplük) 13 mm","SH-145-013","5.69","",Saha Lab
"SARF - Tüp sporu plastik beyaz (60 Tüplük) 16 mm","SH-145-016","5.69","",Saha Lab
"SARF - Üçayak bek için ÇELİK 125mm","SH-140-01","11.19","",Saha Lab
"SARF - Üçayak bek için ÇELİK 150mm","SH-140-02","11.64","",Saha Lab
"SARF - Vakum Filitrasyon süzme seti (titrasyon seti) tkm CAM","SH-132-01","238.73","",Saha Lab
"SARF - Vial Şeffaf 100'lük pkt. 1.5ml","SH-208-1,5","35.7","",Saha Lab
"SARF - Vial Amber 100'lük pkt. 1,5ml","SH-208-1,5A","47.45","",Saha Lab
"SARF - Vial Şeffaf 100'lük pkt. 4ml","SH-208-04","55.69","",Saha Lab
"SARF - Vial Amber 100'lük pkt. 4ml","SH-208-04A","57.51","",Saha Lab
"SARF - QUARTZ Kroze 101/35","SH-178-02","23.91","",Saha Lab
"SARF - QUARTZ Kroze (Maden için)","SH-178-03","48.15","",Saha Lab
"OTOKLAV - Masaüstü Ön Vakumlu 18 Litre","ILD-OGT-18B","3260","",İLDAM
"OTOKLAV - Masaüstü Ön Vakumlu 23 Litre","ILD-OGT-23B","3390","",İLDAM
"OTOKLAV - Masaüstü Ön Vakumlu 32 Litre","ILD-OGT-32B","4500","",İLDAM
"OTOKLAV - Dikey Ön Vakumlu 50 Litre","ILD-NC-50M","6990","",İLDAM
"OTOKLAV - Dikey Ön Vakumlu 75 Litre","ILD-NC-75M","8340","",İLDAM
"OTOKLAV - Dikey Ön Vakumlu 100 Litre","ILD-NC-100M","9450","",İLDAM
"OTOKLAV - Dikey Ön Vakumlu 120 Litre","ILD-NC-120M","10140","",İLDAM
"ETÜV - Fan Sirkülasyonlu 30 Litre","ILD-EKH-30","1100","",İLDAM
"ETÜV - Fan Sirkülasyonlu 55 Litre","ILD-EKH-55","1150","",İLDAM
"ETÜV - Fan Sirkülasyonlu 120 Litre","ILD-EKH-120","1350","",İLDAM
"ETÜV - Fan Sirkülasyonlu 250 Litre","ILD-EKH-250","2100","",İLDAM
"ETÜV - Fan Sirkülasyonlu 500 Litre","ILD-EKH-500","4350","",İLDAM
"ETÜV - Fan Sirkülasyonlu 750 Litre","ILD-EKH-750","5550","",İLDAM
"ETÜV - Vakumlu 30 Litre","ILD-EVK-30","2260","",İLDAM
"ETÜV - Vakumlu 50 Litre","ILD-EVK-50","3250","",İLDAM
"ETÜV - Vakumlu 90 Litre","ILD-EVK-90","6400","",İLDAM
"ETÜV - Vakumlu 215 Litre","ILD-EVK-215","10550","",İLDAM
"ETÜV - Vakumlu 90 Litre (Dijital)","ILD-EVK-90VL","9810","",İLDAM
"ETÜV - Vakumlu 215 Litre (Dijital)","ILD-EVK-215VL","13550","",İLDAM
"TEST KABİNİ - İklimlendirme (0°C/+65°C) 120 Litre","İTK-120","5830","",İLDAM
"TEST KABİNİ - İklimlendirme (0°C/+65°C) 250 Litre","İTK-250","6410","",İLDAM
"TEST KABİNİ - İklimlendirme (0°C/+65°C) 500 Litre","İTK-500","8170","",İLDAM
"TEST KABİNİ - İklimlendirme (0°C/+65°C) 1000 Litre","İTK-1000","13980","",İLDAM
"TEST KABİNİ - Klimatik (-40°C/+85°C) 120 Litre","KTK-120","9330","",İLDAM
"TEST KABİNİ - Klimatik (-40°C/+85°C) 250 Litre","KTK-250","11260","",İLDAM
"TEST KABİNİ - Klimatik (-40°C/+85°C) 500 Litre","KTK-500","14210","",İLDAM
"TEST KABİNİ - Klimatik (-40°C/+85°C) 1000 Litre","KTK-1000","22720","",İLDAM
"BİTKİ BÜYÜTME KABİNİ - 250 Litre","ILD-KBB-250","11970","",İLDAM
"BİTKİ BÜYÜTME KABİNİ - 400 Litre","ILD-KBB-400","13860","",İLDAM
"BİTKİ BÜYÜTME KABİNİ - 600 Litre","ILD-KBB-600","16790","",İLDAM
"STABİLİTE KABİNİ - Klimatik (-70°C/+150°C) 120 Litre","STK-120","14700","",İLDAM
"STABİLİTE KABİNİ - Klimatik (-70°C/+150°C) 250 Litre","STK-250","15210","",İLDAM
"STABİLİTE KABİNİ - Klimatik (-70°C/+150°C) 500 Litre","STK-500","21960","",İLDAM
"STABİLİTE KABİNİ - Klimatik (-70°C/+150°C) 1000 Litre","STK-1000","25750","",İLDAM
"STABİLİTE KABİNİ - Klimatik (-70°C/+150°C) 2000 Litre","STK-2000","64570","",İLDAM
"İNKÜBATÖR - CO2 80 Litre","ILD-CI-80","6090","",İLDAM
"İNKÜBATÖR - CO2 160 Litre","ILD-CI-160","8730","",İLDAM
"İNKÜBATÖR - Trombosit 1 Ajitatör","ECI-1","5640","",İLDAM
"İNKÜBATÖR - Trombosit 2 Ajitatör","ECI-2","7000","",İLDAM
"İNKÜBATÖR - Trombosit 3 Ajitatör","ECI-3","11970","",İLDAM
"İNKÜBATÖR - Standart 30 Litre","ILD-IN-30","1150","",İLDAM
"İNKÜBATÖR - Standart 55 Litre","ILD-IN-55","1200","",İLDAM
"İNKÜBATÖR - Standart 120 Litre","ILD-IN-120","1400","",İLDAM
"İNKÜBATÖR - Standart 250 Litre","ILD-IN-250","2400","",İLDAM
"İNKÜBATÖR - Soğutmalı Çalkalamalı 30 Litre","ILD-ICS-30","4100","",İLDAM
"İNKÜBATÖR - Soğutmalı Çalkalamalı 55 Litre","ILD-ICS-55","4270","",İLDAM
"İNKÜBATÖR - Soğutmalı Çalkalamalı 120 Litre","ILD-ICS-120","5050","",İLDAM
"İNKÜBATÖR - Soğutmalı Çalkalamalı 250 Litre","ILD-ICS-250","8000","",İLDAM
"İNKÜBATÖR - Soğutmalı 30 Litre","ILD-INS-30","3100","",İLDAM
"İNKÜBATÖR - Soğutmalı 55 Litre","ILD-INS-55","3430","",İLDAM
"İNKÜBATÖR - Soğutmalı 80 Litre","ILD-INS-80","5220","",İLDAM
"İNKÜBATÖR - Çalkalamalı 55 Litre","ILD-IC-55","3300","",İLDAM
"İNKÜBATÖR - Çalkalamalı 120 Litre","ILD-IC-120","3810","",İLDAM
"LAMINAR FLOW - Yatay Tip 18008202070 mm","LAF-H1300","4510","",İLDAM
"LAMINAR FLOW - Yatay Tip 13008202040 mm","LAF-H1800","5690","",İLDAM
"LAMINAR FLOW - Yatay Tip 11008081690 mm","LAF-H1100","3350","",İLDAM
"LAMINAR FLOW - Yatay Tip 15008081690 mm","LAF-H1500","4710","",İLDAM
"LAMINAR FLOW - Dikey Tip 6804101160 mm","LAF-V680","2690","",İLDAM
"LAMINAR FLOW - Dikey Tip 8026501550 mm","LAF-V800","2360","",İLDAM
"LAMINAR FLOW - Dikey Tip 13007502040 mm","LAF-V1300","4870","",İLDAM
"LAMINAR FLOW - Dikey Tip 18007502040 mm","LAF-V1800","6090","",İLDAM
"LAMINAR FLOW - Yatay Tip 14406601770 mm","LAF-SSC","4300","",İLDAM
"LAMINAR FLOW - Yatay Tip 10406601770 mm","LAF-DSC","3410","",İLDAM
"LAMINAR FLOW - Yatay Tip 14406151770 mm","LAF-SDC","4040","",İLDAM
"LAMINAR FLOW - Yatay Tip 10406151770 mm","LAF-DDC","3030","",İLDAM
"ÇEKER OCAK - Tezgah Üstü 900670910 mm","FH-90 (T)","1900","",İLDAM
"ÇEKER OCAK - Tezgah Üstü 1200670910 mm","FH-120 (T)","2130","",İLDAM
"ÇEKER OCAK - Tezgah Üstü 1500700910 mm","FH-150 (T)","2460","",İLDAM
"ÇEKER OCAK - Tezgah Üstü 1800700910 mm","FH-180 (T)","3400","",İLDAM
"ÇEKER OCAK - Polipropilen (PP) 9806002100 mm","FH-120 (P)","5020","",İLDAM
"ÇEKER OCAK - Polipropilen (PP) 12806002100 mm","FH-150 (P)","5520","",İLDAM
"ÇEKER OCAK - Polipropilen (PP) 15806002100 mm","FH-180 (P)","6190","",İLDAM
"ÇEKER OCAK - Kanallı 9006702100 mm","FH-90 (A)","2450","",İLDAM
"ÇEKER OCAK - Kanallı 12006702100 mm","FH-120 (A)","2850","",İLDAM
"ÇEKER OCAK - Kanallı 15007002100 mm","FH-150 (A)","3250","",İLDAM
"ÇEKER OCAK - Kanallı 18007002100 mm","FH-180 (A)","4350","",İLDAM
"ÇEKER OCAK - Masaüstü 640550700 mm","CHF-700","2390","",İLDAM
"BİYOGÜVENLİK KABİNİ - Standart 9006202100 mm","ILD-BGK-90","5910","",İLDAM
"BİYOGÜVENLİK KABİNİ - Standart 12006202100 mm","ILD-BGK-120","7220","",İLDAM
"BİYOGÜVENLİK KABİNİ - Standart 15006502100 mm","ILD-BGK-150","8170","",İLDAM
"BİYOGÜVENLİK KABİNİ - Standart 18006502100 mm","ILD-BGK-180","8940","",İLDAM
"BİYOGÜVENLİK KABİNİ - Standart 7006501230 mm","ILD-BGK-70","5140","",İLDAM
"BİYOGÜVENLİK KABİNİ - CLASS II A2 940600660 mm","GKA-1100","8120","",İLDAM
"BİYOGÜVENLİK KABİNİ - CLASS II A2 1150600660 mm","GKA-1300","8570","",İLDAM
"BİYOGÜVENLİK KABİNİ - CLASS II A2 1350600660 mm","GKA-1500","9310","",İLDAM
"PCR KABİNİ - Standart 700595550 mm","PCR-800","3630","",İLDAM
"PCR KABİNİ - Standart 900595560 mm","PCR-1000","3800","",İLDAM
"PCR KABİNİ - Standart 1100595550 mm","PCR-1200","3970","",İLDAM
"PCR KABİNİ - Standart 1200595550 mm","PCR-1300","4130","",İLDAM
"PCR KABİNİ - Standart 1400595550 mm","PCR-1500","4470","",İLDAM
"BANYO - Sirkülasyonlu 12 Litre","BSI-12","960","",İLDAM
"BANYO - Sirkülasyonlu 30 Litre","BSI-30","1060","",İLDAM
"BANYO - Sirkülasyonlu 48 Litre","BSI-48","1480","",İLDAM
"BANYO - Soğutmalı ve Sirkülasyonlu 7 Litre","SS-7","3700","",İLDAM
"BANYO - Soğutmalı ve Sirkülasyonlu 15 Litre","SS-15","4140","",İLDAM
"BANYO - Çalkalamalı 30 Litre","ILD-CLK30","2340","",İLDAM
"BANYO - Çalkalamalı 60 Litre","ILD-CLK-60","3260","",İLDAM
"BANYO - Kum - Plaka 3030","ILD-BK-3030","1160","",İLDAM
"BANYO - Kum - Plaka 4040","ILD-BK-4040","1690","",İLDAM
"BANYO - Soğutmalı 15 Litre","ILD-BSO-15","3190","",İLDAM
"BANYO - Soğutmalı 30 Litre","ILD-BSO-30","3510","",İLDAM
"BANYO - Yağ 6 Litre","ILD-BY-6","1380","",İLDAM
"BANYO - Yağ 12 Litre","ILD-BY-12","1790","",İLDAM
"BANYO - Yağ 30 Litre","ILD-BY-30","1930","",İLDAM
"BANYO - Yağ 48 Litre","ILD-BY-48","2550","",İLDAM
"BANYO - Standart 6 Litre","ILD-BS-6","800","",İLDAM
"BANYO - Standart 12 Litre","ILD-BS-12","990","",İLDAM
"BANYO - Standart 30 Litre","ILD-BS-30","1080","",İLDAM
"BANYO - Standart 48 Litre","ILD-BS-48","1550","",İLDAM
"BANYO - Ultrasonik 4 Litre","ILD-BSU-001","1100","",İLDAM
"BANYO - Ultrasonik 8 Litre","ILD-BSU-002","1400","",İLDAM
"BANYO - Ultrasonik 10 Litre","ILD-BSU-003","1550","",İLDAM
"BANYO - Ultrasonik 12 Litre","ILD-BSU-004","2250","",İLDAM
"BANYO - Ultrasonik 18 Litre","ILD-BSU-005","2650","",İLDAM
"BANYO - Ultrasonik 28 Litre","ILD-BSU-006","3100","",İLDAM
"BANYO - Soğutmalı ve Sirkülasyonlu 15 Litre","ILD-BSS-15","2860","",İLDAM
"BANYO - Soğutmalı ve Sirkülasyonlu 30 Litre","ILD-BSS-30","3240","",İLDAM
"KÜL FIRINI - Standart 7 Litre","ILD-FKU-7","2390","",İLDAM
"KÜL FIRINI - Standart 12 Litre","ILD-FKU-12","2660","",İLDAM
"KÜL FIRINI - Standart 16 Litre","ILD-FKU-16","3120","",İLDAM
"KÜL FIRINI - Standart 29 Litre","ILD-FKU-29","5640","",İLDAM
"ÇALKALAYICI - Trombosit 30 Kutu","EAJ-05","2600","",İLDAM
"ÇALKALAYICI - Trombosit 54 Kutu","EAJ-09","2980","",İLDAM
"ÇALKALAYICI - Trombosit 100 Kutu","EAJ-L09","4790","",İLDAM
"ÇALKALAYICI - Orbital 335225 mm","ILD-OC-01","2090","",İLDAM
"ÇALKALAYICI - Orbital 435435 mm","ILD-OC-02","2510","",İLDAM
"ÇALKALAYICI - Orbital 645645 mm","ILD-OC-03","3050","",İLDAM
"ISITICILI MANYETİK KARIŞTIRICI - 190190 mm | 10 Litre","ILD-KIM-190","750","",İLDAM
"SAKLAMA DOLABI - Kimyasal - Fansız 9005001950 mm","ILD-DKM-90","1600","",İLDAM
"SAKLAMA DOLABI - Kimyasal - Fansız 12005001950 mm","ILD-DKM-120","1750","",İLDAM
"SAKLAMA DOLABI - Kimyasal - Fanlı 9005001950 mm","ILD-DKM-90F","2000","",İLDAM
"SAKLAMA DOLABI - Kimyasal - Fanlı 1200500*1950 mm","ILD-DKM-120F","2150","",İLDAM
"SAKLAMA DOLABI - Kan Saklama 70 Litre","EKN-25","3160","",İLDAM
"SAKLAMA DOLABI - Kan Saklama 165 Litre","EKN-50","3900","",İLDAM
"SAKLAMA DOLABI - Kan Saklama 223 Litre","EKN-100","4630","",İLDAM
"SAKLAMA DOLABI - Kan Saklama 390 Litre","EKN-200","6580","",İLDAM
"SAKLAMA DOLABI - Kan Saklama 632 Litre","EKN-300","7960","",İLDAM
"SAKLAMA DOLABI - Kan Saklama 1312 Litre","EKN-600","11580","",İLDAM
"SAKLAMA DOLABI - Anne Sütü Saklama 100 Biberon","ANS-F-150","6380","",İLDAM
"SAKLAMA DOLABI - Anne Sütü Saklama 60 Biberon","ANS-E-175","4790","",İLDAM
"SAKLAMA DOLABI - Anne Sütü Saklama 120 Biberon","ANS-D-425","6990","",İLDAM
"YAĞ TAYİN CİHAZI - 2'li","ILD-YAG-2","1600","",İLDAM
"YAĞ TAYİN CİHAZI - 4'lü","ILD-YAG-4","2260","",İLDAM
"YAĞ TAYİN CİHAZI - 6'lı","ILD-YAG-6","2490","",İLDAM
"DONDURUCU - -86°C Ultra Dikey Tip 160 Litre","DF-160","8620","",İLDAM
"DONDURUCU - -86°C Ultra Dikey Tip 210 Litre","DF-210","8900","",İLDAM
"DONDURUCU - -86°C Ultra Dikey Tip 340 Litre","DF-340","10900","",İLDAM
"DONDURUCU - -86°C Ultra Dikey Tip 450 Litre","DF-450","12950","",İLDAM
"DONDURUCU - -86°C Ultra Dikey Tip 600 Litre","DF-600","14780","",İLDAM
"DONDURUCU - -86°C Ultra Dikey Tip 720 Litre","DF-720","15580","",İLDAM
"DONDURUCU - -86°C Ultra Dikey Tip 850 Litre","DF-850","17280","",İLDAM
"DONDURUCU - -30°C Dikey Tip 180 Litre","EE-150","5970","",İLDAM
"DONDURUCU - -30°C Dikey Tip 360 Litre","EE-300","6940","",İLDAM
"DONDURUCU - -30°C Dikey Tip 620 Litre","EE-600","8370","",İLDAM
"DONDURUCU - -40°C Dikey Tip 180 Litre","EF-150","6790","",İLDAM
"DONDURUCU - -40°C Dikey Tip 360 Litre","EF-300","7940","",İLDAM
"DONDURUCU - -40°C Dikey Tip 620 Litre","EF-600","8780","",İLDAM
"BUZDOLABI - Aşı - Kit - Serum Dolabı 65 Litre","EKT(B)-80","2530","",İLDAM
"BUZDOLABI - Aşı - Kit - Serum Dolabı 200 Litre","EKT(B)-175","3130","",İLDAM
"BUZDOLABI - Aşı - Kit - Serum Dolabı 260 Litre","EKT(B)-250","3420","",İLDAM
"BUZDOLABI - Aşı - Kit - Serum Dolabı 368 Litre","EKT(B)-425","3710","",İLDAM
"BUZDOLABI - Aşı - Kit - Serum Dolabı 580 Litre","EKT(B)-725","5730","",İLDAM
"BUZDOLABI - Aşı - Kit - Serum Dolabı 1166 Litre","EKT(B)-1450","9320","",İLDAM
"BUZDOLABI - Aşı - Kit - Serum Dolabı 65 Litre","EKT-A-80","2370","",İLDAM
"BUZDOLABI - Aşı - Kit - Serum Dolabı 200 Litre","EKT-A-175","2590","",İLDAM
"BUZDOLABI - Aşı - Kit - Serum Dolabı 260 Litre","EKT-A-250","3180","",İLDAM
"BUZDOLABI - Aşı - Kit - Serum Dolabı 368 Litre","EKT-A-425","3560","",İLDAM
"BUZDOLABI - Aşı - Kit - Serum Dolabı 580 Litre","EKT-A-725","5600","",İLDAM
"BUZDOLABI - Aşı - Kit - Serum Dolabı 1166 Litre","EKT-A-1450","9160","",İLDAM
"BUZDOLABI - Aşı - İlaç Saklama Çift Bölmeli 230+80 Litre","EKT-D-425","5970","",İLDAM
"BUZDOLABI - Aşı - İlaç Saklama Çift Bölmeli 350+148 Litre","EKT-D-500","6790","",İLDAM
"SANTRİFÜJ - Büyük Kapasiteli","DL-5","3600","",İLDAM
"SANTRİFÜJ - Düşük Hızlı","SC-50","1000","",İLDAM
"SANTRİFÜJ - Yüksek Hızlı","HHC-16","1690","",İLDAM
"SAF SU CİHAZI - Distile 4 Litre / Saat","ILD-DS-04","1350","",İLDAM
"SAF SU CİHAZI - Distile 8 Litre / Saat","ILD-DS-08","1700","",İLDAM
"SAF SU CİHAZI - Distile 12 Litre / Saat","ILD-DS-12","2500","",İLDAM
"SAF SU CİHAZI - Otomatik Depolu 2 Litre Depo 5 lt/s Üretim","ILD-SSCD-5","3250","",İLDAM
"CAM REAKTÖR - 5 Litre","ILD5L","5700","",İLDAM
"CAM REAKTÖR - 10 Litre","ILD10L","6100","",İLDAM
"CAM REAKTÖR - 20 Litre","ILD20L","7100","",İLDAM
"CAM REAKTÖR - 30 Litre","ILD30L","7900","",İLDAM
"CAM REAKTÖR - 50 Litre","ILD50L","10900","",İLDAM
"CAM REAKTÖR - 100 Litre","ILD100L","17250","",İLDAM
"CAM REAKTÖR - 200 Litre","ILD200L","50800","",İLDAM